Company,Ticker,Predicted_State
alior,alr,1
alior,alr,1
alior,alr,1
alior,alr,-1
alior,alr,1
alior,alr,-1
alior,alr,1
alior,alr,1
alior,alr,1
alior,alr,-1
alior,alr,-1
alior,alr,-1
alior,alr,1
alior,alr,1
alior,alr,-1
alior,alr,-1
alior,alr,-1
alior,alr,-1
alior,alr,1
alior,alr,-1
alior,alr,-1
alior,alr,1
alior,alr,-1
alior,alr,-1
alior,alr,1
alior,alr,1
alior,alr,1
alior,alr,1
alior,alr,-1
alior,alr,1
alior,alr,1
alior,alr,1
alior,alr,-1
alior,alr,1
alior,alr,1
alior,alr,-1
alior,alr,1
alior,alr,-1
alior,alr,1
alior,alr,1
alior,alr,1
alior,alr,-1
alior,alr,-1
alior,alr,-1
alior,alr,-1
alior,alr,1
alior,alr,1
alior,alr,-1
alior,alr,-1
alior,alr,-1
alior,alr,-1
alior,alr,-1
alior,alr,1
alior,alr,1
alior,alr,1
alior,alr,-1
alior,alr,-1
alior,alr,1
alior,alr,1
alior,alr,1
alior,alr,1
alior,alr,1
alior,alr,-1
alior,alr,-1
alior,alr,-1
alior,alr,1
alior,alr,1
alior,alr,-1
alior,alr,-1
alior,alr,-1
alior,alr,-1
alior,alr,1
alior,alr,-1
alior,alr,-1
alior,alr,1
alior,alr,1
alior,alr,-1
alior,alr,-1
alior,alr,1
alior,alr,1
alior,alr,-1
alior,alr,1
alior,alr,-1
alior,alr,-1
alior,alr,-1
alior,alr,1
alior,alr,1
alior,alr,1
alior,alr,1
alior,alr,-1
alior,alr,1
alior,alr,-1
alior,alr,1
alior,alr,1
alior,alr,1
alior,alr,1
alior,alr,-1
alior,alr,-1
alior,alr,-1
alior,alr,-1
alior,alr,-1
alior,alr,1
alior,alr,1
alior,alr,-1
alior,alr,1
alior,alr,-1
alior,alr,1
alior,alr,1
alior,alr,-1
alior,alr,-1
alior,alr,1
alior,alr,1
alior,alr,1
alior,alr,1
alior,alr,1
alior,alr,-1
alior,alr,1
alior,alr,-1
alior,alr,1
alior,alr,1
alior,alr,1
alior,alr,1
alior,alr,1
alior,alr,-1
alior,alr,1
alior,alr,1
alior,alr,1
alior,alr,1
alior,alr,-1
alior,alr,1
alior,alr,-1
alior,alr,1
alior,alr,-1
alior,alr,-1
alior,alr,-1
alior,alr,-1
alior,alr,-1
alior,alr,-1
alior,alr,-1
alior,alr,-1
alior,alr,1
alior,alr,-1
alior,alr,1
alior,alr,-1
alior,alr,1
alior,alr,1
alior,alr,-1
alior,alr,1
alior,alr,-1
alior,alr,1
alior,alr,-1
alior,alr,-1
alior,alr,1
alior,alr,-1
alior,alr,1
alior,alr,1
alior,alr,1
alior,alr,1
alior,alr,1
alior,alr,-1
alior,alr,1
alior,alr,-1
alior,alr,1
alior,alr,-1
alior,alr,-1
alior,alr,1
alior,alr,1
alior,alr,-1
alior,alr,-1
alior,alr,1
alior,alr,1
alior,alr,-1
alior,alr,-1
alior,alr,-1
alior,alr,-1
alior,alr,1
alior,alr,1
alior,alr,-1
alior,alr,-1
alior,alr,1
alior,alr,1
alior,alr,1
alior,alr,-1
alior,alr,1
alior,alr,1
alior,alr,-1
alior,alr,-1
alior,alr,-1
alior,alr,1
alior,alr,1
alior,alr,1
alior,alr,-1
alior,alr,-1
alior,alr,1
alior,alr,-1
alior,alr,-1
alior,alr,-1
alior,alr,-1
alior,alr,1
alior,alr,1
alior,alr,-1
alior,alr,-1
alior,alr,1
alior,alr,-1
alior,alr,1
alior,alr,1
alior,alr,1
alior,alr,1
alior,alr,-1
alior,alr,-1
alior,alr,-1
alior,alr,1
alior,alr,-1
alior,alr,1
alior,alr,1
alior,alr,-1
alior,alr,-1
alior,alr,1
alior,alr,-1
alior,alr,1
alior,alr,1
alior,alr,-1
alior,alr,1
alior,alr,-1
alior,alr,1
alior,alr,1
alior,alr,-1
alior,alr,-1
alior,alr,-1
alior,alr,-1
alior,alr,-1
alior,alr,-1
alior,alr,1
alior,alr,1
alior,alr,-1
alior,alr,1
alior,alr,1
alior,alr,1
alior,alr,-1
alior,alr,1
alior,alr,1
alior,alr,-1
alior,alr,-1
alior,alr,-1
alior,alr,1
alior,alr,1
alior,alr,1
alior,alr,-1
alior,alr,1
alior,alr,1
alior,alr,-1
alior,alr,-1
alior,alr,1
alior,alr,-1
alior,alr,1
alior,alr,-1
alior,alr,1
alior,alr,-1
alior,alr,-1
alior,alr,1
alior,alr,1
alior,alr,1
alior,alr,-1
alior,alr,-1
alior,alr,1
alior,alr,1
alior,alr,-1
alior,alr,-1
alior,alr,1
alior,alr,-1
alior,alr,-1
alior,alr,1
alior,alr,1
alior,alr,-1
alior,alr,-1
alior,alr,-1
alior,alr,-1
alior,alr,1
alior,alr,-1
alior,alr,1
alior,alr,1
alior,alr,-1
alior,alr,1
alior,alr,1
alior,alr,1
alior,alr,1
alior,alr,1
alior,alr,1
alior,alr,1
alior,alr,-1
alior,alr,1
alior,alr,1
alior,alr,1
alior,alr,-1
alior,alr,-1
alior,alr,1
alior,alr,-1
alior,alr,1
alior,alr,1
alior,alr,1
alior,alr,-1
alior,alr,1
alior,alr,1
alior,alr,-1
alior,alr,1
alior,alr,-1
alior,alr,1
alior,alr,-1
alior,alr,-1
alior,alr,-1
alior,alr,1
alior,alr,1
alior,alr,1
alior,alr,1
alior,alr,1
alior,alr,-1
alior,alr,1
alior,alr,-1
alior,alr,-1
alior,alr,-1
alior,alr,1
alior,alr,1
alior,alr,-1
alior,alr,1
alior,alr,-1
alior,alr,-1
alior,alr,-1
alior,alr,-1
alior,alr,-1
alior,alr,-1
alior,alr,-1
alior,alr,-1
alior,alr,1
alior,alr,-1
alior,alr,1
alior,alr,-1
alior,alr,-1
alior,alr,1
alior,alr,1
alior,alr,1
alior,alr,1
alior,alr,1
alior,alr,1
alior,alr,-1
alior,alr,-1
alior,alr,1
alior,alr,1
alior,alr,-1
alior,alr,-1
alior,alr,1
alior,alr,-1
alior,alr,-1
alior,alr,-1
alior,alr,1
alior,alr,-1
alior,alr,-1
alior,alr,-1
alior,alr,1
alior,alr,1
alior,alr,-1
alior,alr,1
alior,alr,-1
alior,alr,1
alior,alr,1
alior,alr,1
alior,alr,1
alior,alr,1
alior,alr,-1
alior,alr,1
alior,alr,1
alior,alr,1
alior,alr,-1
alior,alr,1
alior,alr,1
alior,alr,1
alior,alr,-1
alior,alr,-1
alior,alr,1
alior,alr,1
alior,alr,1
alior,alr,1
alior,alr,-1
alior,alr,-1
alior,alr,-1
alior,alr,-1
alior,alr,1
alior,alr,-1
alior,alr,-1
alior,alr,1
alior,alr,1
alior,alr,1
alior,alr,1
alior,alr,-1
alior,alr,-1
alior,alr,-1
alior,alr,1
alior,alr,-1
alior,alr,1
alior,alr,-1
alior,alr,1
alior,alr,1
alior,alr,-1
alior,alr,-1
alior,alr,1
alior,alr,-1
alior,alr,-1
alior,alr,-1
alior,alr,-1
alior,alr,-1
alior,alr,1
alior,alr,-1
alior,alr,-1
alior,alr,-1
alior,alr,1
alior,alr,1
alior,alr,-1
alior,alr,1
alior,alr,-1
alior,alr,1
allegro,ale,1
allegro,ale,-1
allegro,ale,1
allegro,ale,-1
allegro,ale,-1
allegro,ale,-1
allegro,ale,1
allegro,ale,-1
allegro,ale,1
allegro,ale,-1
allegro,ale,1
allegro,ale,-1
allegro,ale,1
allegro,ale,1
allegro,ale,-1
allegro,ale,1
allegro,ale,-1
allegro,ale,1
allegro,ale,1
allegro,ale,1
allegro,ale,1
allegro,ale,-1
allegro,ale,-1
allegro,ale,1
allegro,ale,1
allegro,ale,-1
allegro,ale,1
allegro,ale,1
allegro,ale,1
allegro,ale,-1
allegro,ale,1
allegro,ale,-1
allegro,ale,1
allegro,ale,1
allegro,ale,1
allegro,ale,1
allegro,ale,1
allegro,ale,1
allegro,ale,-1
allegro,ale,1
allegro,ale,1
allegro,ale,1
allegro,ale,-1
allegro,ale,-1
allegro,ale,1
allegro,ale,1
allegro,ale,1
allegro,ale,1
allegro,ale,1
allegro,ale,-1
allegro,ale,-1
allegro,ale,-1
allegro,ale,-1
allegro,ale,1
allegro,ale,1
allegro,ale,-1
allegro,ale,1
allegro,ale,-1
allegro,ale,1
allegro,ale,-1
allegro,ale,1
allegro,ale,1
allegro,ale,-1
allegro,ale,1
allegro,ale,-1
allegro,ale,-1
allegro,ale,1
allegro,ale,1
allegro,ale,1
allegro,ale,-1
allegro,ale,1
allegro,ale,1
allegro,ale,-1
allegro,ale,1
allegro,ale,1
allegro,ale,-1
allegro,ale,-1
allegro,ale,-1
allegro,ale,-1
allegro,ale,-1
allegro,ale,1
allegro,ale,1
allegro,ale,1
allegro,ale,1
allegro,ale,1
allegro,ale,-1
allegro,ale,-1
allegro,ale,-1
allegro,ale,-1
allegro,ale,-1
allegro,ale,1
allegro,ale,-1
allegro,ale,1
allegro,ale,-1
allegro,ale,-1
allegro,ale,-1
allegro,ale,1
allegro,ale,1
allegro,ale,1
allegro,ale,1
allegro,ale,-1
allegro,ale,1
allegro,ale,1
allegro,ale,-1
allegro,ale,1
allegro,ale,-1
allegro,ale,1
allegro,ale,-1
allegro,ale,-1
allegro,ale,1
allegro,ale,1
allegro,ale,1
allegro,ale,1
allegro,ale,-1
allegro,ale,-1
allegro,ale,1
allegro,ale,1
allegro,ale,1
allegro,ale,-1
allegro,ale,1
allegro,ale,1
allegro,ale,1
allegro,ale,-1
allegro,ale,-1
allegro,ale,1
allegro,ale,-1
allegro,ale,-1
allegro,ale,1
allegro,ale,-1
allegro,ale,1
allegro,ale,-1
allegro,ale,-1
allegro,ale,-1
allegro,ale,1
allegro,ale,1
allegro,ale,1
allegro,ale,1
allegro,ale,1
allegro,ale,1
allegro,ale,-1
allegro,ale,1
allegro,ale,1
allegro,ale,-1
allegro,ale,1
allegro,ale,-1
allegro,ale,1
allegro,ale,-1
allegro,ale,1
allegro,ale,1
allegro,ale,1
allegro,ale,1
allegro,ale,1
allegro,ale,-1
allegro,ale,-1
allegro,ale,-1
allegro,ale,-1
allegro,ale,1
allegro,ale,1
allegro,ale,1
allegro,ale,1
allegro,ale,-1
allegro,ale,1
allegro,ale,-1
allegro,ale,-1
allegro,ale,1
allegro,ale,1
allegro,ale,1
allegro,ale,1
allegro,ale,1
allegro,ale,-1
allegro,ale,-1
allegro,ale,-1
allegro,ale,-1
allegro,ale,1
allegro,ale,-1
allegro,ale,-1
allegro,ale,1
allegro,ale,-1
allegro,ale,1
allegro,ale,1
allegro,ale,1
allegro,ale,1
allegro,ale,1
allegro,ale,-1
allegro,ale,1
allegro,ale,-1
allegro,ale,1
allegro,ale,-1
allegro,ale,1
allegro,ale,-1
allegro,ale,-1
allegro,ale,1
allegro,ale,1
allegro,ale,-1
allegro,ale,-1
allegro,ale,-1
allegro,ale,1
allegro,ale,1
allegro,ale,1
allegro,ale,1
allegro,ale,1
allegro,ale,1
allegro,ale,1
allegro,ale,1
allegro,ale,1
allegro,ale,-1
allegro,ale,1
allegro,ale,-1
allegro,ale,-1
allegro,ale,-1
allegro,ale,-1
allegro,ale,-1
allegro,ale,1
allegro,ale,-1
allegro,ale,1
allegro,ale,1
allegro,ale,-1
allegro,ale,-1
allegro,ale,-1
allegro,ale,1
allegro,ale,-1
allegro,ale,1
allegro,ale,1
allegro,ale,-1
allegro,ale,1
allegro,ale,1
allegro,ale,1
allegro,ale,1
allegro,ale,-1
allegro,ale,1
allegro,ale,-1
allegro,ale,-1
allegro,ale,-1
allegro,ale,-1
allegro,ale,-1
allegro,ale,1
allegro,ale,-1
allegro,ale,-1
allegro,ale,1
allegro,ale,-1
allegro,ale,1
allegro,ale,1
allegro,ale,-1
allegro,ale,-1
allegro,ale,-1
allegro,ale,1
allegro,ale,1
allegro,ale,1
allegro,ale,1
allegro,ale,1
allegro,ale,-1
allegro,ale,1
allegro,ale,1
allegro,ale,1
allegro,ale,-1
allegro,ale,-1
allegro,ale,1
allegro,ale,-1
allegro,ale,-1
allegro,ale,1
allegro,ale,1
allegro,ale,1
allegro,ale,1
allegro,ale,1
allegro,ale,-1
allegro,ale,1
allegro,ale,1
allegro,ale,-1
allegro,ale,-1
allegro,ale,-1
allegro,ale,1
allegro,ale,-1
allegro,ale,-1
allegro,ale,-1
allegro,ale,-1
allegro,ale,-1
allegro,ale,1
allegro,ale,1
allegro,ale,-1
allegro,ale,-1
allegro,ale,-1
allegro,ale,-1
allegro,ale,-1
allegro,ale,1
allegro,ale,-1
allegro,ale,0
allegro,ale,-1
allegro,ale,-1
allegro,ale,-1
allegro,ale,-1
allegro,ale,1
allegro,ale,-1
allegro,ale,1
allegro,ale,-1
allegro,ale,-1
allegro,ale,-1
allegro,ale,-1
allegro,ale,-1
allegro,ale,-1
allegro,ale,-1
allegro,ale,1
allegro,ale,1
allegro,ale,1
allegro,ale,1
allegro,ale,-1
allegro,ale,-1
allegro,ale,-1
allegro,ale,-1
allegro,ale,-1
allegro,ale,1
allegro,ale,1
allegro,ale,-1
allegro,ale,1
allegro,ale,-1
allegro,ale,-1
allegro,ale,1
allegro,ale,1
allegro,ale,1
allegro,ale,1
allegro,ale,1
allegro,ale,1
allegro,ale,1
allegro,ale,-1
allegro,ale,-1
allegro,ale,-1
allegro,ale,-1
allegro,ale,-1
allegro,ale,-1
allegro,ale,-1
allegro,ale,-1
allegro,ale,1
allegro,ale,1
allegro,ale,1
allegro,ale,1
allegro,ale,-1
allegro,ale,-1
allegro,ale,-1
allegro,ale,1
allegro,ale,-1
allegro,ale,-1
allegro,ale,-1
allegro,ale,-1
allegro,ale,1
allegro,ale,-1
allegro,ale,-1
allegro,ale,-1
allegro,ale,-1
allegro,ale,-1
allegro,ale,1
allegro,ale,1
allegro,ale,1
allegro,ale,-1
allegro,ale,1
allegro,ale,1
allegro,ale,1
allegro,ale,1
allegro,ale,1
allegro,ale,1
allegro,ale,1
allegro,ale,1
allegro,ale,-1
allegro,ale,1
allegro,ale,1
allegro,ale,1
allegro,ale,-1
allegro,ale,1
allegro,ale,-1
allegro,ale,-1
allegro,ale,-1
allegro,ale,1
allegro,ale,1
allegro,ale,-1
allegro,ale,-1
allegro,ale,1
allegro,ale,-1
allegro,ale,1
allegro,ale,1
allegro,ale,1
allegro,ale,-1
allegro,ale,1
allegro,ale,1
allegro,ale,1
allegro,ale,1
allegro,ale,-1
allegro,ale,1
allegro,ale,0
allegro,ale,-1
allegro,ale,-1
allegro,ale,-1
allegro,ale,1
allegro,ale,-1
allegro,ale,1
allegro,ale,1
allegro,ale,1
allegro,ale,-1
allegro,ale,-1
allegro,ale,-1
allegro,ale,1
allegro,ale,-1
allegro,ale,-1
allegro,ale,-1
allegro,ale,1
allegro,ale,-1
allegro,ale,1
allegro,ale,-1
allegro,ale,-1
allegro,ale,1
allegro,ale,-1
allegro,ale,1
allegro,ale,-1
allegro,ale,-1
allegro,ale,1
allegro,ale,-1
allegro,ale,1
allegro,ale,1
allegro,ale,1
allegro,ale,1
allegro,ale,-1
allegro,ale,1
budimex,bdx,1
budimex,bdx,-1
budimex,bdx,-1
budimex,bdx,-1
budimex,bdx,-1
budimex,bdx,1
budimex,bdx,1
budimex,bdx,1
budimex,bdx,1
budimex,bdx,-1
budimex,bdx,-1
budimex,bdx,-1
budimex,bdx,-1
budimex,bdx,-1
budimex,bdx,-1
budimex,bdx,1
budimex,bdx,1
budimex,bdx,-1
budimex,bdx,1
budimex,bdx,-1
budimex,bdx,-1
budimex,bdx,1
budimex,bdx,1
budimex,bdx,1
budimex,bdx,-1
budimex,bdx,1
budimex,bdx,-1
budimex,bdx,-1
budimex,bdx,1
budimex,bdx,1
budimex,bdx,1
budimex,bdx,1
budimex,bdx,-1
budimex,bdx,0
budimex,bdx,1
budimex,bdx,1
budimex,bdx,-1
budimex,bdx,-1
budimex,bdx,-1
budimex,bdx,1
budimex,bdx,1
budimex,bdx,-1
budimex,bdx,1
budimex,bdx,-1
budimex,bdx,-1
budimex,bdx,1
budimex,bdx,-1
budimex,bdx,-1
budimex,bdx,1
budimex,bdx,1
budimex,bdx,-1
budimex,bdx,-1
budimex,bdx,-1
budimex,bdx,-1
budimex,bdx,1
budimex,bdx,-1
budimex,bdx,-1
budimex,bdx,1
budimex,bdx,-1
budimex,bdx,1
budimex,bdx,-1
budimex,bdx,-1
budimex,bdx,-1
budimex,bdx,-1
budimex,bdx,1
budimex,bdx,1
budimex,bdx,-1
budimex,bdx,-1
budimex,bdx,-1
budimex,bdx,1
budimex,bdx,1
budimex,bdx,-1
budimex,bdx,-1
budimex,bdx,-1
budimex,bdx,-1
budimex,bdx,1
budimex,bdx,1
budimex,bdx,1
budimex,bdx,1
budimex,bdx,-1
budimex,bdx,-1
budimex,bdx,-1
budimex,bdx,-1
budimex,bdx,-1
budimex,bdx,1
budimex,bdx,1
budimex,bdx,-1
budimex,bdx,1
budimex,bdx,-1
budimex,bdx,-1
budimex,bdx,1
budimex,bdx,1
budimex,bdx,1
budimex,bdx,-1
budimex,bdx,1
budimex,bdx,-1
budimex,bdx,1
budimex,bdx,1
budimex,bdx,1
budimex,bdx,1
budimex,bdx,-1
budimex,bdx,1
budimex,bdx,1
budimex,bdx,1
budimex,bdx,1
budimex,bdx,1
budimex,bdx,-1
budimex,bdx,1
budimex,bdx,-1
budimex,bdx,-1
budimex,bdx,1
budimex,bdx,1
budimex,bdx,-1
budimex,bdx,1
budimex,bdx,1
budimex,bdx,-1
budimex,bdx,1
budimex,bdx,-1
budimex,bdx,1
budimex,bdx,1
budimex,bdx,1
budimex,bdx,1
budimex,bdx,1
budimex,bdx,-1
budimex,bdx,1
budimex,bdx,-1
budimex,bdx,-1
budimex,bdx,-1
budimex,bdx,1
budimex,bdx,-1
budimex,bdx,1
budimex,bdx,1
budimex,bdx,-1
budimex,bdx,1
budimex,bdx,1
budimex,bdx,-1
budimex,bdx,-1
budimex,bdx,1
budimex,bdx,1
budimex,bdx,-1
budimex,bdx,-1
budimex,bdx,1
budimex,bdx,1
budimex,bdx,0
budimex,bdx,1
budimex,bdx,1
budimex,bdx,-1
budimex,bdx,1
budimex,bdx,1
budimex,bdx,1
budimex,bdx,-1
budimex,bdx,-1
budimex,bdx,1
budimex,bdx,-1
budimex,bdx,-1
budimex,bdx,-1
budimex,bdx,-1
budimex,bdx,-1
budimex,bdx,-1
budimex,bdx,0
budimex,bdx,1
budimex,bdx,-1
budimex,bdx,-1
budimex,bdx,-1
budimex,bdx,-1
budimex,bdx,1
budimex,bdx,1
budimex,bdx,1
budimex,bdx,-1
budimex,bdx,-1
budimex,bdx,-1
budimex,bdx,1
budimex,bdx,-1
budimex,bdx,0
budimex,bdx,1
budimex,bdx,1
budimex,bdx,1
budimex,bdx,1
budimex,bdx,-1
budimex,bdx,1
budimex,bdx,1
budimex,bdx,-1
budimex,bdx,1
budimex,bdx,-1
budimex,bdx,-1
budimex,bdx,1
budimex,bdx,1
budimex,bdx,-1
budimex,bdx,-1
budimex,bdx,1
budimex,bdx,-1
budimex,bdx,1
budimex,bdx,-1
budimex,bdx,-1
budimex,bdx,1
budimex,bdx,-1
budimex,bdx,-1
budimex,bdx,1
budimex,bdx,1
budimex,bdx,-1
budimex,bdx,-1
budimex,bdx,-1
budimex,bdx,-1
budimex,bdx,-1
budimex,bdx,1
budimex,bdx,1
budimex,bdx,-1
budimex,bdx,1
budimex,bdx,-1
budimex,bdx,-1
budimex,bdx,1
budimex,bdx,-1
budimex,bdx,1
budimex,bdx,-1
budimex,bdx,-1
budimex,bdx,-1
budimex,bdx,0
budimex,bdx,1
budimex,bdx,-1
budimex,bdx,1
budimex,bdx,1
budimex,bdx,-1
budimex,bdx,-1
budimex,bdx,-1
budimex,bdx,1
budimex,bdx,1
budimex,bdx,1
budimex,bdx,1
budimex,bdx,-1
budimex,bdx,-1
budimex,bdx,-1
budimex,bdx,1
budimex,bdx,1
budimex,bdx,-1
budimex,bdx,1
budimex,bdx,1
budimex,bdx,-1
budimex,bdx,1
budimex,bdx,-1
budimex,bdx,-1
budimex,bdx,1
budimex,bdx,-1
budimex,bdx,-1
budimex,bdx,1
budimex,bdx,1
budimex,bdx,-1
budimex,bdx,1
budimex,bdx,1
budimex,bdx,-1
budimex,bdx,1
budimex,bdx,1
budimex,bdx,1
budimex,bdx,1
budimex,bdx,-1
budimex,bdx,-1
budimex,bdx,-1
budimex,bdx,-1
budimex,bdx,-1
budimex,bdx,1
budimex,bdx,1
budimex,bdx,1
budimex,bdx,1
budimex,bdx,1
budimex,bdx,-1
budimex,bdx,-1
budimex,bdx,1
budimex,bdx,-1
budimex,bdx,0
budimex,bdx,-1
budimex,bdx,1
budimex,bdx,-1
budimex,bdx,-1
budimex,bdx,1
budimex,bdx,-1
budimex,bdx,1
budimex,bdx,1
budimex,bdx,1
budimex,bdx,-1
budimex,bdx,-1
budimex,bdx,1
budimex,bdx,-1
budimex,bdx,-1
budimex,bdx,-1
budimex,bdx,1
budimex,bdx,1
budimex,bdx,1
budimex,bdx,1
budimex,bdx,1
budimex,bdx,1
budimex,bdx,1
budimex,bdx,-1
budimex,bdx,-1
budimex,bdx,1
budimex,bdx,1
budimex,bdx,1
budimex,bdx,-1
budimex,bdx,-1
budimex,bdx,1
budimex,bdx,-1
budimex,bdx,-1
budimex,bdx,-1
budimex,bdx,-1
budimex,bdx,1
budimex,bdx,-1
budimex,bdx,-1
budimex,bdx,-1
budimex,bdx,1
budimex,bdx,-1
budimex,bdx,1
budimex,bdx,-1
budimex,bdx,1
budimex,bdx,-1
budimex,bdx,1
budimex,bdx,1
budimex,bdx,-1
budimex,bdx,-1
budimex,bdx,-1
budimex,bdx,1
budimex,bdx,1
budimex,bdx,1
budimex,bdx,1
budimex,bdx,1
budimex,bdx,-1
budimex,bdx,1
budimex,bdx,1
budimex,bdx,-1
budimex,bdx,1
budimex,bdx,1
budimex,bdx,-1
budimex,bdx,-1
budimex,bdx,-1
budimex,bdx,1
budimex,bdx,1
budimex,bdx,1
budimex,bdx,1
budimex,bdx,1
budimex,bdx,1
budimex,bdx,-1
budimex,bdx,-1
budimex,bdx,1
budimex,bdx,1
budimex,bdx,-1
budimex,bdx,1
budimex,bdx,-1
budimex,bdx,1
budimex,bdx,1
budimex,bdx,-1
budimex,bdx,1
budimex,bdx,1
budimex,bdx,-1
budimex,bdx,-1
budimex,bdx,1
budimex,bdx,-1
budimex,bdx,1
budimex,bdx,1
budimex,bdx,-1
budimex,bdx,-1
budimex,bdx,-1
budimex,bdx,1
budimex,bdx,-1
budimex,bdx,-1
budimex,bdx,-1
budimex,bdx,-1
budimex,bdx,-1
budimex,bdx,1
budimex,bdx,1
budimex,bdx,-1
budimex,bdx,1
budimex,bdx,1
budimex,bdx,-1
budimex,bdx,-1
budimex,bdx,-1
budimex,bdx,-1
budimex,bdx,1
budimex,bdx,1
budimex,bdx,1
budimex,bdx,1
budimex,bdx,1
budimex,bdx,1
budimex,bdx,1
budimex,bdx,-1
budimex,bdx,1
budimex,bdx,-1
budimex,bdx,1
budimex,bdx,-1
budimex,bdx,1
budimex,bdx,1
budimex,bdx,-1
budimex,bdx,1
budimex,bdx,1
budimex,bdx,1
budimex,bdx,-1
budimex,bdx,-1
budimex,bdx,1
budimex,bdx,1
budimex,bdx,1
budimex,bdx,-1
budimex,bdx,1
budimex,bdx,-1
budimex,bdx,-1
budimex,bdx,1
budimex,bdx,-1
budimex,bdx,1
budimex,bdx,1
budimex,bdx,1
budimex,bdx,-1
budimex,bdx,-1
budimex,bdx,-1
budimex,bdx,1
budimex,bdx,-1
budimex,bdx,-1
budimex,bdx,-1
budimex,bdx,-1
budimex,bdx,1
budimex,bdx,-1
budimex,bdx,-1
budimex,bdx,1
budimex,bdx,1
budimex,bdx,-1
ccc,ccc,-1
ccc,ccc,1
ccc,ccc,-1
ccc,ccc,-1
ccc,ccc,1
ccc,ccc,-1
ccc,ccc,-1
ccc,ccc,1
ccc,ccc,1
ccc,ccc,-1
ccc,ccc,1
ccc,ccc,1
ccc,ccc,-1
ccc,ccc,-1
ccc,ccc,1
ccc,ccc,1
ccc,ccc,1
ccc,ccc,1
ccc,ccc,-1
ccc,ccc,1
ccc,ccc,1
ccc,ccc,1
ccc,ccc,-1
ccc,ccc,1
ccc,ccc,1
ccc,ccc,-1
ccc,ccc,-1
ccc,ccc,1
ccc,ccc,-1
ccc,ccc,-1
ccc,ccc,1
ccc,ccc,1
ccc,ccc,1
ccc,ccc,1
ccc,ccc,1
ccc,ccc,1
ccc,ccc,-1
ccc,ccc,-1
ccc,ccc,-1
ccc,ccc,-1
ccc,ccc,1
ccc,ccc,-1
ccc,ccc,1
ccc,ccc,-1
ccc,ccc,-1
ccc,ccc,1
ccc,ccc,-1
ccc,ccc,1
ccc,ccc,1
ccc,ccc,-1
ccc,ccc,-1
ccc,ccc,-1
ccc,ccc,1
ccc,ccc,1
ccc,ccc,1
ccc,ccc,1
ccc,ccc,1
ccc,ccc,-1
ccc,ccc,-1
ccc,ccc,-1
ccc,ccc,-1
ccc,ccc,-1
ccc,ccc,-1
ccc,ccc,-1
ccc,ccc,-1
ccc,ccc,1
ccc,ccc,-1
ccc,ccc,-1
ccc,ccc,1
ccc,ccc,1
ccc,ccc,1
ccc,ccc,1
ccc,ccc,-1
ccc,ccc,-1
ccc,ccc,-1
ccc,ccc,-1
ccc,ccc,1
ccc,ccc,1
ccc,ccc,-1
ccc,ccc,-1
ccc,ccc,1
ccc,ccc,1
ccc,ccc,1
ccc,ccc,-1
ccc,ccc,1
ccc,ccc,-1
ccc,ccc,1
ccc,ccc,-1
ccc,ccc,1
ccc,ccc,-1
ccc,ccc,1
ccc,ccc,-1
ccc,ccc,1
ccc,ccc,-1
ccc,ccc,-1
ccc,ccc,-1
ccc,ccc,1
ccc,ccc,-1
ccc,ccc,-1
ccc,ccc,1
ccc,ccc,-1
ccc,ccc,-1
ccc,ccc,-1
ccc,ccc,1
ccc,ccc,1
ccc,ccc,-1
ccc,ccc,1
ccc,ccc,1
ccc,ccc,1
ccc,ccc,1
ccc,ccc,-1
ccc,ccc,-1
ccc,ccc,-1
ccc,ccc,1
ccc,ccc,-1
ccc,ccc,-1
ccc,ccc,1
ccc,ccc,1
ccc,ccc,-1
ccc,ccc,1
ccc,ccc,-1
ccc,ccc,1
ccc,ccc,-1
ccc,ccc,-1
ccc,ccc,-1
ccc,ccc,1
ccc,ccc,1
ccc,ccc,1
ccc,ccc,-1
ccc,ccc,1
ccc,ccc,1
ccc,ccc,-1
ccc,ccc,-1
ccc,ccc,1
ccc,ccc,-1
ccc,ccc,-1
ccc,ccc,1
ccc,ccc,1
ccc,ccc,-1
ccc,ccc,-1
ccc,ccc,-1
ccc,ccc,1
ccc,ccc,-1
ccc,ccc,-1
ccc,ccc,-1
ccc,ccc,1
ccc,ccc,-1
ccc,ccc,1
ccc,ccc,-1
ccc,ccc,-1
ccc,ccc,-1
ccc,ccc,-1
ccc,ccc,-1
ccc,ccc,1
ccc,ccc,1
ccc,ccc,-1
ccc,ccc,1
ccc,ccc,-1
ccc,ccc,-1
ccc,ccc,-1
ccc,ccc,1
ccc,ccc,-1
ccc,ccc,-1
ccc,ccc,-1
ccc,ccc,-1
ccc,ccc,1
ccc,ccc,1
ccc,ccc,-1
ccc,ccc,-1
ccc,ccc,1
ccc,ccc,1
ccc,ccc,-1
ccc,ccc,1
ccc,ccc,-1
ccc,ccc,-1
ccc,ccc,-1
ccc,ccc,1
ccc,ccc,1
ccc,ccc,-1
ccc,ccc,1
ccc,ccc,-1
ccc,ccc,-1
ccc,ccc,-1
ccc,ccc,1
ccc,ccc,-1
ccc,ccc,1
ccc,ccc,1
ccc,ccc,1
ccc,ccc,1
ccc,ccc,-1
ccc,ccc,1
ccc,ccc,-1
ccc,ccc,-1
ccc,ccc,-1
ccc,ccc,-1
ccc,ccc,-1
ccc,ccc,1
ccc,ccc,1
ccc,ccc,1
ccc,ccc,1
ccc,ccc,1
ccc,ccc,-1
ccc,ccc,-1
ccc,ccc,1
ccc,ccc,-1
ccc,ccc,-1
ccc,ccc,1
ccc,ccc,1
ccc,ccc,1
ccc,ccc,1
ccc,ccc,1
ccc,ccc,1
ccc,ccc,-1
ccc,ccc,-1
ccc,ccc,1
ccc,ccc,-1
ccc,ccc,-1
ccc,ccc,1
ccc,ccc,1
ccc,ccc,1
ccc,ccc,1
ccc,ccc,1
ccc,ccc,-1
ccc,ccc,-1
ccc,ccc,-1
ccc,ccc,1
ccc,ccc,-1
ccc,ccc,1
ccc,ccc,1
ccc,ccc,1
ccc,ccc,-1
ccc,ccc,1
ccc,ccc,-1
ccc,ccc,-1
ccc,ccc,-1
ccc,ccc,-1
ccc,ccc,-1
ccc,ccc,1
ccc,ccc,-1
ccc,ccc,1
ccc,ccc,-1
ccc,ccc,1
ccc,ccc,1
ccc,ccc,1
ccc,ccc,1
ccc,ccc,-1
ccc,ccc,1
ccc,ccc,1
ccc,ccc,1
ccc,ccc,-1
ccc,ccc,-1
ccc,ccc,-1
ccc,ccc,-1
ccc,ccc,-1
ccc,ccc,-1
ccc,ccc,-1
ccc,ccc,-1
ccc,ccc,-1
ccc,ccc,-1
ccc,ccc,1
ccc,ccc,-1
ccc,ccc,1
ccc,ccc,1
ccc,ccc,-1
ccc,ccc,-1
ccc,ccc,1
ccc,ccc,1
ccc,ccc,-1
ccc,ccc,1
ccc,ccc,-1
ccc,ccc,-1
ccc,ccc,1
ccc,ccc,-1
ccc,ccc,1
ccc,ccc,-1
ccc,ccc,1
ccc,ccc,1
ccc,ccc,1
ccc,ccc,1
ccc,ccc,-1
ccc,ccc,-1
ccc,ccc,-1
ccc,ccc,-1
ccc,ccc,1
ccc,ccc,-1
ccc,ccc,-1
ccc,ccc,1
ccc,ccc,-1
ccc,ccc,-1
ccc,ccc,-1
ccc,ccc,-1
ccc,ccc,1
ccc,ccc,1
ccc,ccc,1
ccc,ccc,-1
ccc,ccc,-1
ccc,ccc,-1
ccc,ccc,-1
ccc,ccc,1
ccc,ccc,1
ccc,ccc,1
ccc,ccc,-1
ccc,ccc,1
ccc,ccc,-1
ccc,ccc,1
ccc,ccc,1
ccc,ccc,1
ccc,ccc,1
ccc,ccc,1
ccc,ccc,-1
ccc,ccc,-1
ccc,ccc,-1
ccc,ccc,-1
ccc,ccc,1
ccc,ccc,-1
ccc,ccc,1
ccc,ccc,-1
ccc,ccc,1
ccc,ccc,1
ccc,ccc,-1
ccc,ccc,1
ccc,ccc,1
ccc,ccc,-1
ccc,ccc,1
ccc,ccc,-1
ccc,ccc,-1
ccc,ccc,-1
ccc,ccc,-1
ccc,ccc,1
ccc,ccc,-1
ccc,ccc,1
ccc,ccc,1
ccc,ccc,0
ccc,ccc,-1
ccc,ccc,-1
ccc,ccc,1
ccc,ccc,-1
ccc,ccc,-1
ccc,ccc,1
ccc,ccc,1
ccc,ccc,-1
ccc,ccc,1
ccc,ccc,-1
ccc,ccc,-1
ccc,ccc,-1
ccc,ccc,-1
ccc,ccc,1
ccc,ccc,-1
ccc,ccc,0
ccc,ccc,1
ccc,ccc,1
ccc,ccc,1
ccc,ccc,-1
ccc,ccc,-1
ccc,ccc,1
ccc,ccc,1
ccc,ccc,-1
ccc,ccc,1
ccc,ccc,1
ccc,ccc,1
ccc,ccc,-1
ccc,ccc,1
ccc,ccc,-1
ccc,ccc,-1
ccc,ccc,1
ccc,ccc,1
ccc,ccc,-1
ccc,ccc,-1
ccc,ccc,-1
ccc,ccc,1
ccc,ccc,-1
ccc,ccc,1
ccc,ccc,1
ccc,ccc,-1
ccc,ccc,-1
ccc,ccc,-1
ccc,ccc,1
ccc,ccc,1
ccc,ccc,-1
ccc,ccc,1
ccc,ccc,-1
ccc,ccc,1
ccc,ccc,-1
ccc,ccc,1
ccc,ccc,1
ccc,ccc,1
ccc,ccc,1
ccc,ccc,1
ccc,ccc,0
ccc,ccc,-1
ccc,ccc,-1
ccc,ccc,-1
ccc,ccc,-1
ccc,ccc,1
ccc,ccc,1
ccc,ccc,1
ccc,ccc,-1
ccc,ccc,-1
ccc,ccc,1
ccc,ccc,1
ccc,ccc,1
ccc,ccc,-1
ccc,ccc,-1
ccc,ccc,-1
ccc,ccc,1
ccc,ccc,1
ccc,ccc,-1
ccc,ccc,-1
ccc,ccc,1
ccc,ccc,-1
ccc,ccc,1
ccc,ccc,1
ccc,ccc,1
ccc,ccc,-1
ccc,ccc,-1
ccc,ccc,-1
ccc,ccc,1
ccc,ccc,-1
ccc,ccc,1
cd projekt,cdr,1
cd projekt,cdr,-1
cd projekt,cdr,-1
cd projekt,cdr,-1
cd projekt,cdr,-1
cd projekt,cdr,-1
cd projekt,cdr,-1
cd projekt,cdr,1
cd projekt,cdr,-1
cd projekt,cdr,1
cd projekt,cdr,1
cd projekt,cdr,-1
cd projekt,cdr,1
cd projekt,cdr,1
cd projekt,cdr,-1
cd projekt,cdr,1
cd projekt,cdr,1
cd projekt,cdr,-1
cd projekt,cdr,1
cd projekt,cdr,-1
cd projekt,cdr,1
cd projekt,cdr,-1
cd projekt,cdr,-1
cd projekt,cdr,1
cd projekt,cdr,-1
cd projekt,cdr,1
cd projekt,cdr,1
cd projekt,cdr,1
cd projekt,cdr,-1
cd projekt,cdr,-1
cd projekt,cdr,1
cd projekt,cdr,-1
cd projekt,cdr,-1
cd projekt,cdr,1
cd projekt,cdr,1
cd projekt,cdr,1
cd projekt,cdr,-1
cd projekt,cdr,-1
cd projekt,cdr,1
cd projekt,cdr,-1
cd projekt,cdr,-1
cd projekt,cdr,1
cd projekt,cdr,-1
cd projekt,cdr,-1
cd projekt,cdr,1
cd projekt,cdr,-1
cd projekt,cdr,1
cd projekt,cdr,1
cd projekt,cdr,-1
cd projekt,cdr,1
cd projekt,cdr,-1
cd projekt,cdr,-1
cd projekt,cdr,-1
cd projekt,cdr,1
cd projekt,cdr,1
cd projekt,cdr,1
cd projekt,cdr,-1
cd projekt,cdr,-1
cd projekt,cdr,-1
cd projekt,cdr,1
cd projekt,cdr,1
cd projekt,cdr,1
cd projekt,cdr,-1
cd projekt,cdr,1
cd projekt,cdr,1
cd projekt,cdr,-1
cd projekt,cdr,-1
cd projekt,cdr,-1
cd projekt,cdr,1
cd projekt,cdr,-1
cd projekt,cdr,-1
cd projekt,cdr,-1
cd projekt,cdr,1
cd projekt,cdr,-1
cd projekt,cdr,1
cd projekt,cdr,1
cd projekt,cdr,1
cd projekt,cdr,1
cd projekt,cdr,1
cd projekt,cdr,1
cd projekt,cdr,-1
cd projekt,cdr,1
cd projekt,cdr,1
cd projekt,cdr,1
cd projekt,cdr,-1
cd projekt,cdr,1
cd projekt,cdr,1
cd projekt,cdr,-1
cd projekt,cdr,1
cd projekt,cdr,-1
cd projekt,cdr,1
cd projekt,cdr,-1
cd projekt,cdr,-1
cd projekt,cdr,-1
cd projekt,cdr,-1
cd projekt,cdr,-1
cd projekt,cdr,-1
cd projekt,cdr,1
cd projekt,cdr,1
cd projekt,cdr,-1
cd projekt,cdr,1
cd projekt,cdr,-1
cd projekt,cdr,1
cd projekt,cdr,-1
cd projekt,cdr,-1
cd projekt,cdr,1
cd projekt,cdr,1
cd projekt,cdr,1
cd projekt,cdr,-1
cd projekt,cdr,-1
cd projekt,cdr,1
cd projekt,cdr,-1
cd projekt,cdr,-1
cd projekt,cdr,-1
cd projekt,cdr,-1
cd projekt,cdr,-1
cd projekt,cdr,1
cd projekt,cdr,-1
cd projekt,cdr,1
cd projekt,cdr,1
cd projekt,cdr,1
cd projekt,cdr,1
cd projekt,cdr,1
cd projekt,cdr,-1
cd projekt,cdr,-1
cd projekt,cdr,1
cd projekt,cdr,-1
cd projekt,cdr,1
cd projekt,cdr,1
cd projekt,cdr,1
cd projekt,cdr,1
cd projekt,cdr,1
cd projekt,cdr,1
cd projekt,cdr,-1
cd projekt,cdr,1
cd projekt,cdr,-1
cd projekt,cdr,-1
cd projekt,cdr,1
cd projekt,cdr,-1
cd projekt,cdr,1
cd projekt,cdr,1
cd projekt,cdr,1
cd projekt,cdr,1
cd projekt,cdr,-1
cd projekt,cdr,1
cd projekt,cdr,1
cd projekt,cdr,-1
cd projekt,cdr,-1
cd projekt,cdr,-1
cd projekt,cdr,-1
cd projekt,cdr,1
cd projekt,cdr,-1
cd projekt,cdr,1
cd projekt,cdr,1
cd projekt,cdr,-1
cd projekt,cdr,1
cd projekt,cdr,1
cd projekt,cdr,-1
cd projekt,cdr,1
cd projekt,cdr,1
cd projekt,cdr,1
cd projekt,cdr,-1
cd projekt,cdr,-1
cd projekt,cdr,-1
cd projekt,cdr,1
cd projekt,cdr,1
cd projekt,cdr,-1
cd projekt,cdr,-1
cd projekt,cdr,1
cd projekt,cdr,-1
cd projekt,cdr,-1
cd projekt,cdr,1
cd projekt,cdr,-1
cd projekt,cdr,1
cd projekt,cdr,-1
cd projekt,cdr,1
cd projekt,cdr,1
cd projekt,cdr,1
cd projekt,cdr,-1
cd projekt,cdr,1
cd projekt,cdr,-1
cd projekt,cdr,1
cd projekt,cdr,-1
cd projekt,cdr,1
cd projekt,cdr,-1
cd projekt,cdr,-1
cd projekt,cdr,-1
cd projekt,cdr,-1
cd projekt,cdr,1
cd projekt,cdr,-1
cd projekt,cdr,1
cd projekt,cdr,1
cd projekt,cdr,-1
cd projekt,cdr,-1
cd projekt,cdr,-1
cd projekt,cdr,-1
cd projekt,cdr,1
cd projekt,cdr,-1
cd projekt,cdr,1
cd projekt,cdr,1
cd projekt,cdr,-1
cd projekt,cdr,1
cd projekt,cdr,1
cd projekt,cdr,1
cd projekt,cdr,-1
cd projekt,cdr,1
cd projekt,cdr,1
cd projekt,cdr,1
cd projekt,cdr,-1
cd projekt,cdr,-1
cd projekt,cdr,1
cd projekt,cdr,-1
cd projekt,cdr,1
cd projekt,cdr,-1
cd projekt,cdr,-1
cd projekt,cdr,-1
cd projekt,cdr,-1
cd projekt,cdr,1
cd projekt,cdr,-1
cd projekt,cdr,-1
cd projekt,cdr,1
cd projekt,cdr,-1
cd projekt,cdr,1
cd projekt,cdr,-1
cd projekt,cdr,1
cd projekt,cdr,1
cd projekt,cdr,-1
cd projekt,cdr,1
cd projekt,cdr,1
cd projekt,cdr,1
cd projekt,cdr,-1
cd projekt,cdr,1
cd projekt,cdr,1
cd projekt,cdr,1
cd projekt,cdr,1
cd projekt,cdr,1
cd projekt,cdr,-1
cd projekt,cdr,1
cd projekt,cdr,-1
cd projekt,cdr,1
cd projekt,cdr,-1
cd projekt,cdr,-1
cd projekt,cdr,1
cd projekt,cdr,1
cd projekt,cdr,1
cd projekt,cdr,1
cd projekt,cdr,1
cd projekt,cdr,1
cd projekt,cdr,1
cd projekt,cdr,1
cd projekt,cdr,1
cd projekt,cdr,1
cd projekt,cdr,1
cd projekt,cdr,-1
cd projekt,cdr,1
cd projekt,cdr,1
cd projekt,cdr,1
cd projekt,cdr,1
cd projekt,cdr,1
cd projekt,cdr,1
cd projekt,cdr,-1
cd projekt,cdr,-1
cd projekt,cdr,-1
cd projekt,cdr,1
cd projekt,cdr,-1
cd projekt,cdr,-1
cd projekt,cdr,1
cd projekt,cdr,1
cd projekt,cdr,1
cd projekt,cdr,-1
cd projekt,cdr,-1
cd projekt,cdr,1
cd projekt,cdr,1
cd projekt,cdr,-1
cd projekt,cdr,1
cd projekt,cdr,1
cd projekt,cdr,1
cd projekt,cdr,1
cd projekt,cdr,1
cd projekt,cdr,-1
cd projekt,cdr,-1
cd projekt,cdr,1
cd projekt,cdr,1
cd projekt,cdr,1
cd projekt,cdr,-1
cd projekt,cdr,1
cd projekt,cdr,-1
cd projekt,cdr,-1
cd projekt,cdr,1
cd projekt,cdr,-1
cd projekt,cdr,1
cd projekt,cdr,-1
cd projekt,cdr,-1
cd projekt,cdr,-1
cd projekt,cdr,-1
cd projekt,cdr,-1
cd projekt,cdr,1
cd projekt,cdr,-1
cd projekt,cdr,1
cd projekt,cdr,1
cd projekt,cdr,1
cd projekt,cdr,1
cd projekt,cdr,1
cd projekt,cdr,1
cd projekt,cdr,1
cd projekt,cdr,-1
cd projekt,cdr,-1
cd projekt,cdr,-1
cd projekt,cdr,-1
cd projekt,cdr,1
cd projekt,cdr,-1
cd projekt,cdr,1
cd projekt,cdr,1
cd projekt,cdr,-1
cd projekt,cdr,1
cd projekt,cdr,-1
cd projekt,cdr,-1
cd projekt,cdr,-1
cd projekt,cdr,-1
cd projekt,cdr,-1
cd projekt,cdr,1
cd projekt,cdr,-1
cd projekt,cdr,-1
cd projekt,cdr,-1
cd projekt,cdr,-1
cd projekt,cdr,-1
cd projekt,cdr,-1
cd projekt,cdr,1
cd projekt,cdr,1
cd projekt,cdr,-1
cd projekt,cdr,1
cd projekt,cdr,1
cd projekt,cdr,1
cd projekt,cdr,1
cd projekt,cdr,1
cd projekt,cdr,1
cd projekt,cdr,1
cd projekt,cdr,1
cd projekt,cdr,-1
cd projekt,cdr,1
cd projekt,cdr,1
cd projekt,cdr,1
cd projekt,cdr,1
cd projekt,cdr,-1
cd projekt,cdr,-1
cd projekt,cdr,1
cd projekt,cdr,1
cd projekt,cdr,-1
cd projekt,cdr,-1
cd projekt,cdr,1
cd projekt,cdr,-1
cd projekt,cdr,1
cd projekt,cdr,1
cd projekt,cdr,1
cd projekt,cdr,1
cd projekt,cdr,1
cd projekt,cdr,-1
cd projekt,cdr,-1
cd projekt,cdr,1
cd projekt,cdr,-1
cd projekt,cdr,-1
cd projekt,cdr,-1
cd projekt,cdr,1
cd projekt,cdr,1
cd projekt,cdr,1
cd projekt,cdr,1
cd projekt,cdr,1
cd projekt,cdr,1
cd projekt,cdr,1
cd projekt,cdr,1
cd projekt,cdr,-1
cd projekt,cdr,1
cd projekt,cdr,1
cd projekt,cdr,-1
cd projekt,cdr,1
cd projekt,cdr,-1
cd projekt,cdr,-1
cd projekt,cdr,1
cd projekt,cdr,-1
cd projekt,cdr,-1
cd projekt,cdr,1
cd projekt,cdr,-1
cd projekt,cdr,1
cd projekt,cdr,1
cd projekt,cdr,1
cd projekt,cdr,-1
cd projekt,cdr,1
cd projekt,cdr,1
cd projekt,cdr,-1
cd projekt,cdr,1
cd projekt,cdr,-1
cd projekt,cdr,1
cd projekt,cdr,-1
cd projekt,cdr,-1
cd projekt,cdr,1
cd projekt,cdr,1
cd projekt,cdr,1
cd projekt,cdr,-1
cd projekt,cdr,-1
cd projekt,cdr,-1
cd projekt,cdr,1
cd projekt,cdr,-1
cd projekt,cdr,-1
cd projekt,cdr,1
cd projekt,cdr,-1
cd projekt,cdr,1
cd projekt,cdr,1
cd projekt,cdr,-1
cd projekt,cdr,-1
cd projekt,cdr,-1
cd projekt,cdr,-1
cd projekt,cdr,1
cd projekt,cdr,1
cd projekt,cdr,1
cd projekt,cdr,-1
cd projekt,cdr,1
cd projekt,cdr,1
cd projekt,cdr,1
cd projekt,cdr,0
dino,dnp,1
dino,dnp,-1
dino,dnp,-1
dino,dnp,1
dino,dnp,1
dino,dnp,-1
dino,dnp,1
dino,dnp,1
dino,dnp,1
dino,dnp,-1
dino,dnp,1
dino,dnp,1
dino,dnp,-1
dino,dnp,1
dino,dnp,1
dino,dnp,-1
dino,dnp,-1
dino,dnp,1
dino,dnp,1
dino,dnp,1
dino,dnp,1
dino,dnp,1
dino,dnp,-1
dino,dnp,1
dino,dnp,-1
dino,dnp,-1
dino,dnp,-1
dino,dnp,1
dino,dnp,-1
dino,dnp,-1
dino,dnp,1
dino,dnp,1
dino,dnp,-1
dino,dnp,1
dino,dnp,1
dino,dnp,1
dino,dnp,-1
dino,dnp,-1
dino,dnp,-1
dino,dnp,-1
dino,dnp,-1
dino,dnp,-1
dino,dnp,1
dino,dnp,-1
dino,dnp,-1
dino,dnp,-1
dino,dnp,1
dino,dnp,1
dino,dnp,1
dino,dnp,-1
dino,dnp,-1
dino,dnp,1
dino,dnp,-1
dino,dnp,-1
dino,dnp,1
dino,dnp,-1
dino,dnp,-1
dino,dnp,-1
dino,dnp,-1
dino,dnp,1
dino,dnp,-1
dino,dnp,1
dino,dnp,-1
dino,dnp,1
dino,dnp,1
dino,dnp,-1
dino,dnp,-1
dino,dnp,-1
dino,dnp,-1
dino,dnp,-1
dino,dnp,1
dino,dnp,1
dino,dnp,-1
dino,dnp,1
dino,dnp,-1
dino,dnp,-1
dino,dnp,-1
dino,dnp,1
dino,dnp,-1
dino,dnp,-1
dino,dnp,1
dino,dnp,-1
dino,dnp,1
dino,dnp,1
dino,dnp,1
dino,dnp,-1
dino,dnp,-1
dino,dnp,-1
dino,dnp,1
dino,dnp,1
dino,dnp,1
dino,dnp,1
dino,dnp,1
dino,dnp,-1
dino,dnp,-1
dino,dnp,-1
dino,dnp,1
dino,dnp,-1
dino,dnp,-1
dino,dnp,-1
dino,dnp,1
dino,dnp,-1
dino,dnp,1
dino,dnp,-1
dino,dnp,-1
dino,dnp,1
dino,dnp,1
dino,dnp,-1
dino,dnp,-1
dino,dnp,-1
dino,dnp,1
dino,dnp,-1
dino,dnp,-1
dino,dnp,-1
dino,dnp,-1
dino,dnp,-1
dino,dnp,-1
dino,dnp,-1
dino,dnp,-1
dino,dnp,-1
dino,dnp,1
dino,dnp,-1
dino,dnp,1
dino,dnp,1
dino,dnp,-1
dino,dnp,1
dino,dnp,1
dino,dnp,1
dino,dnp,-1
dino,dnp,-1
dino,dnp,-1
dino,dnp,-1
dino,dnp,-1
dino,dnp,-1
dino,dnp,1
dino,dnp,1
dino,dnp,-1
dino,dnp,-1
dino,dnp,-1
dino,dnp,1
dino,dnp,1
dino,dnp,1
dino,dnp,-1
dino,dnp,-1
dino,dnp,1
dino,dnp,1
dino,dnp,-1
dino,dnp,1
dino,dnp,-1
dino,dnp,-1
dino,dnp,1
dino,dnp,-1
dino,dnp,1
dino,dnp,1
dino,dnp,1
dino,dnp,1
dino,dnp,1
dino,dnp,1
dino,dnp,-1
dino,dnp,1
dino,dnp,1
dino,dnp,1
dino,dnp,-1
dino,dnp,-1
dino,dnp,1
dino,dnp,-1
dino,dnp,1
dino,dnp,-1
dino,dnp,-1
dino,dnp,1
dino,dnp,1
dino,dnp,-1
dino,dnp,-1
dino,dnp,-1
dino,dnp,1
dino,dnp,1
dino,dnp,-1
dino,dnp,-1
dino,dnp,-1
dino,dnp,1
dino,dnp,1
dino,dnp,1
dino,dnp,-1
dino,dnp,1
dino,dnp,-1
dino,dnp,-1
dino,dnp,1
dino,dnp,-1
dino,dnp,-1
dino,dnp,-1
dino,dnp,1
dino,dnp,1
dino,dnp,-1
dino,dnp,-1
dino,dnp,-1
dino,dnp,1
dino,dnp,1
dino,dnp,1
dino,dnp,1
dino,dnp,1
dino,dnp,1
dino,dnp,-1
dino,dnp,-1
dino,dnp,1
dino,dnp,1
dino,dnp,-1
dino,dnp,1
dino,dnp,-1
dino,dnp,-1
dino,dnp,-1
dino,dnp,1
dino,dnp,1
dino,dnp,1
dino,dnp,1
dino,dnp,1
dino,dnp,-1
dino,dnp,-1
dino,dnp,1
dino,dnp,1
dino,dnp,1
dino,dnp,1
dino,dnp,-1
dino,dnp,1
dino,dnp,-1
dino,dnp,1
dino,dnp,1
dino,dnp,-1
dino,dnp,1
dino,dnp,-1
dino,dnp,-1
dino,dnp,1
dino,dnp,1
dino,dnp,-1
dino,dnp,-1
dino,dnp,-1
dino,dnp,-1
dino,dnp,-1
dino,dnp,1
dino,dnp,-1
dino,dnp,1
dino,dnp,1
dino,dnp,-1
dino,dnp,1
dino,dnp,1
dino,dnp,1
dino,dnp,-1
dino,dnp,-1
dino,dnp,-1
dino,dnp,-1
dino,dnp,-1
dino,dnp,1
dino,dnp,-1
dino,dnp,-1
dino,dnp,1
dino,dnp,-1
dino,dnp,-1
dino,dnp,1
dino,dnp,1
dino,dnp,1
dino,dnp,-1
dino,dnp,1
dino,dnp,-1
dino,dnp,-1
dino,dnp,-1
dino,dnp,-1
dino,dnp,1
dino,dnp,-1
dino,dnp,1
dino,dnp,-1
dino,dnp,1
dino,dnp,0
dino,dnp,-1
dino,dnp,-1
dino,dnp,-1
dino,dnp,1
dino,dnp,1
dino,dnp,-1
dino,dnp,1
dino,dnp,1
dino,dnp,1
dino,dnp,-1
dino,dnp,1
dino,dnp,-1
dino,dnp,1
dino,dnp,1
dino,dnp,-1
dino,dnp,1
dino,dnp,1
dino,dnp,-1
dino,dnp,-1
dino,dnp,-1
dino,dnp,-1
dino,dnp,1
dino,dnp,-1
dino,dnp,1
dino,dnp,1
dino,dnp,1
dino,dnp,-1
dino,dnp,1
dino,dnp,-1
dino,dnp,1
dino,dnp,-1
dino,dnp,1
dino,dnp,-1
dino,dnp,-1
dino,dnp,1
dino,dnp,-1
dino,dnp,-1
dino,dnp,1
dino,dnp,-1
dino,dnp,1
dino,dnp,-1
dino,dnp,1
dino,dnp,-1
dino,dnp,1
dino,dnp,-1
dino,dnp,-1
dino,dnp,1
dino,dnp,-1
dino,dnp,1
dino,dnp,-1
dino,dnp,1
dino,dnp,-1
dino,dnp,-1
dino,dnp,1
dino,dnp,-1
dino,dnp,-1
dino,dnp,-1
dino,dnp,-1
dino,dnp,-1
dino,dnp,-1
dino,dnp,1
dino,dnp,1
dino,dnp,1
dino,dnp,-1
dino,dnp,-1
dino,dnp,-1
dino,dnp,1
dino,dnp,1
dino,dnp,1
dino,dnp,-1
dino,dnp,1
dino,dnp,-1
dino,dnp,1
dino,dnp,-1
dino,dnp,-1
dino,dnp,-1
dino,dnp,-1
dino,dnp,1
dino,dnp,1
dino,dnp,1
dino,dnp,1
dino,dnp,-1
dino,dnp,1
dino,dnp,1
dino,dnp,1
dino,dnp,1
dino,dnp,1
dino,dnp,1
dino,dnp,-1
dino,dnp,-1
dino,dnp,1
dino,dnp,1
dino,dnp,-1
dino,dnp,-1
dino,dnp,-1
dino,dnp,1
dino,dnp,1
dino,dnp,-1
dino,dnp,1
dino,dnp,1
dino,dnp,1
dino,dnp,-1
dino,dnp,-1
dino,dnp,-1
dino,dnp,1
dino,dnp,-1
dino,dnp,1
dino,dnp,1
dino,dnp,-1
dino,dnp,1
dino,dnp,1
dino,dnp,1
dino,dnp,-1
dino,dnp,-1
dino,dnp,1
dino,dnp,-1
dino,dnp,-1
dino,dnp,1
dino,dnp,-1
dino,dnp,-1
dino,dnp,1
dino,dnp,1
dino,dnp,-1
dino,dnp,1
dino,dnp,1
dino,dnp,-1
dino,dnp,1
dino,dnp,1
dino,dnp,1
dino,dnp,1
dino,dnp,1
dino,dnp,1
dino,dnp,-1
dino,dnp,-1
dino,dnp,-1
dino,dnp,1
dino,dnp,-1
dino,dnp,1
dino,dnp,-1
dino,dnp,-1
dino,dnp,-1
dino,dnp,-1
dino,dnp,-1
dino,dnp,1
dino,dnp,-1
dino,dnp,1
dino,dnp,-1
dino,dnp,1
kghm,kgh,-1
kghm,kgh,-1
kghm,kgh,1
kghm,kgh,-1
kghm,kgh,1
kghm,kgh,-1
kghm,kgh,1
kghm,kgh,1
kghm,kgh,1
kghm,kgh,1
kghm,kgh,-1
kghm,kgh,-1
kghm,kgh,-1
kghm,kgh,1
kghm,kgh,1
kghm,kgh,1
kghm,kgh,-1
kghm,kgh,-1
kghm,kgh,1
kghm,kgh,-1
kghm,kgh,1
kghm,kgh,-1
kghm,kgh,-1
kghm,kgh,1
kghm,kgh,1
kghm,kgh,1
kghm,kgh,-1
kghm,kgh,1
kghm,kgh,-1
kghm,kgh,-1
kghm,kgh,-1
kghm,kgh,1
kghm,kgh,1
kghm,kgh,1
kghm,kgh,1
kghm,kgh,1
kghm,kgh,1
kghm,kgh,-1
kghm,kgh,-1
kghm,kgh,1
kghm,kgh,1
kghm,kgh,-1
kghm,kgh,1
kghm,kgh,-1
kghm,kgh,-1
kghm,kgh,1
kghm,kgh,1
kghm,kgh,-1
kghm,kgh,-1
kghm,kgh,-1
kghm,kgh,-1
kghm,kgh,-1
kghm,kgh,-1
kghm,kgh,-1
kghm,kgh,1
kghm,kgh,1
kghm,kgh,-1
kghm,kgh,-1
kghm,kgh,1
kghm,kgh,-1
kghm,kgh,-1
kghm,kgh,1
kghm,kgh,1
kghm,kgh,1
kghm,kgh,1
kghm,kgh,-1
kghm,kgh,-1
kghm,kgh,-1
kghm,kgh,-1
kghm,kgh,-1
kghm,kgh,-1
kghm,kgh,-1
kghm,kgh,-1
kghm,kgh,-1
kghm,kgh,-1
kghm,kgh,1
kghm,kgh,1
kghm,kgh,-1
kghm,kgh,-1
kghm,kgh,1
kghm,kgh,1
kghm,kgh,1
kghm,kgh,1
kghm,kgh,1
kghm,kgh,-1
kghm,kgh,-1
kghm,kgh,1
kghm,kgh,-1
kghm,kgh,-1
kghm,kgh,-1
kghm,kgh,-1
kghm,kgh,1
kghm,kgh,1
kghm,kgh,-1
kghm,kgh,-1
kghm,kgh,1
kghm,kgh,1
kghm,kgh,-1
kghm,kgh,-1
kghm,kgh,1
kghm,kgh,1
kghm,kgh,1
kghm,kgh,-1
kghm,kgh,1
kghm,kgh,1
kghm,kgh,-1
kghm,kgh,1
kghm,kgh,1
kghm,kgh,-1
kghm,kgh,-1
kghm,kgh,-1
kghm,kgh,-1
kghm,kgh,-1
kghm,kgh,-1
kghm,kgh,-1
kghm,kgh,-1
kghm,kgh,-1
kghm,kgh,1
kghm,kgh,-1
kghm,kgh,1
kghm,kgh,1
kghm,kgh,-1
kghm,kgh,1
kghm,kgh,-1
kghm,kgh,-1
kghm,kgh,1
kghm,kgh,1
kghm,kgh,-1
kghm,kgh,-1
kghm,kgh,1
kghm,kgh,-1
kghm,kgh,1
kghm,kgh,-1
kghm,kgh,-1
kghm,kgh,1
kghm,kgh,1
kghm,kgh,1
kghm,kgh,1
kghm,kgh,-1
kghm,kgh,-1
kghm,kgh,1
kghm,kgh,1
kghm,kgh,-1
kghm,kgh,1
kghm,kgh,-1
kghm,kgh,-1
kghm,kgh,1
kghm,kgh,-1
kghm,kgh,-1
kghm,kgh,1
kghm,kgh,-1
kghm,kgh,1
kghm,kgh,1
kghm,kgh,-1
kghm,kgh,-1
kghm,kgh,-1
kghm,kgh,1
kghm,kgh,-1
kghm,kgh,-1
kghm,kgh,-1
kghm,kgh,-1
kghm,kgh,-1
kghm,kgh,-1
kghm,kgh,1
kghm,kgh,1
kghm,kgh,1
kghm,kgh,1
kghm,kgh,1
kghm,kgh,-1
kghm,kgh,-1
kghm,kgh,1
kghm,kgh,1
kghm,kgh,1
kghm,kgh,-1
kghm,kgh,-1
kghm,kgh,0
kghm,kgh,1
kghm,kgh,1
kghm,kgh,1
kghm,kgh,-1
kghm,kgh,1
kghm,kgh,1
kghm,kgh,-1
kghm,kgh,1
kghm,kgh,-1
kghm,kgh,-1
kghm,kgh,-1
kghm,kgh,1
kghm,kgh,-1
kghm,kgh,-1
kghm,kgh,1
kghm,kgh,-1
kghm,kgh,-1
kghm,kgh,1
kghm,kgh,-1
kghm,kgh,1
kghm,kgh,1
kghm,kgh,-1
kghm,kgh,1
kghm,kgh,1
kghm,kgh,-1
kghm,kgh,1
kghm,kgh,1
kghm,kgh,1
kghm,kgh,-1
kghm,kgh,-1
kghm,kgh,-1
kghm,kgh,1
kghm,kgh,-1
kghm,kgh,1
kghm,kgh,1
kghm,kgh,1
kghm,kgh,1
kghm,kgh,-1
kghm,kgh,-1
kghm,kgh,1
kghm,kgh,-1
kghm,kgh,-1
kghm,kgh,1
kghm,kgh,1
kghm,kgh,1
kghm,kgh,1
kghm,kgh,1
kghm,kgh,1
kghm,kgh,1
kghm,kgh,1
kghm,kgh,1
kghm,kgh,1
kghm,kgh,1
kghm,kgh,-1
kghm,kgh,1
kghm,kgh,-1
kghm,kgh,1
kghm,kgh,-1
kghm,kgh,-1
kghm,kgh,1
kghm,kgh,-1
kghm,kgh,1
kghm,kgh,-1
kghm,kgh,-1
kghm,kgh,1
kghm,kgh,1
kghm,kgh,-1
kghm,kgh,-1
kghm,kgh,1
kghm,kgh,1
kghm,kgh,1
kghm,kgh,-1
kghm,kgh,-1
kghm,kgh,1
kghm,kgh,1
kghm,kgh,1
kghm,kgh,-1
kghm,kgh,-1
kghm,kgh,1
kghm,kgh,-1
kghm,kgh,-1
kghm,kgh,1
kghm,kgh,1
kghm,kgh,1
kghm,kgh,1
kghm,kgh,-1
kghm,kgh,1
kghm,kgh,1
kghm,kgh,-1
kghm,kgh,-1
kghm,kgh,-1
kghm,kgh,-1
kghm,kgh,1
kghm,kgh,-1
kghm,kgh,-1
kghm,kgh,-1
kghm,kgh,1
kghm,kgh,-1
kghm,kgh,1
kghm,kgh,1
kghm,kgh,1
kghm,kgh,-1
kghm,kgh,-1
kghm,kgh,-1
kghm,kgh,-1
kghm,kgh,-1
kghm,kgh,1
kghm,kgh,1
kghm,kgh,-1
kghm,kgh,1
kghm,kgh,-1
kghm,kgh,1
kghm,kgh,1
kghm,kgh,1
kghm,kgh,1
kghm,kgh,-1
kghm,kgh,1
kghm,kgh,1
kghm,kgh,-1
kghm,kgh,1
kghm,kgh,1
kghm,kgh,-1
kghm,kgh,1
kghm,kgh,1
kghm,kgh,1
kghm,kgh,-1
kghm,kgh,-1
kghm,kgh,1
kghm,kgh,1
kghm,kgh,-1
kghm,kgh,1
kghm,kgh,-1
kghm,kgh,-1
kghm,kgh,1
kghm,kgh,1
kghm,kgh,-1
kghm,kgh,-1
kghm,kgh,-1
kghm,kgh,1
kghm,kgh,-1
kghm,kgh,-1
kghm,kgh,-1
kghm,kgh,1
kghm,kgh,-1
kghm,kgh,1
kghm,kgh,-1
kghm,kgh,-1
kghm,kgh,-1
kghm,kgh,-1
kghm,kgh,1
kghm,kgh,-1
kghm,kgh,1
kghm,kgh,1
kghm,kgh,1
kghm,kgh,-1
kghm,kgh,1
kghm,kgh,1
kghm,kgh,1
kghm,kgh,1
kghm,kgh,-1
kghm,kgh,-1
kghm,kgh,1
kghm,kgh,-1
kghm,kgh,1
kghm,kgh,-1
kghm,kgh,-1
kghm,kgh,-1
kghm,kgh,-1
kghm,kgh,-1
kghm,kgh,1
kghm,kgh,1
kghm,kgh,-1
kghm,kgh,-1
kghm,kgh,1
kghm,kgh,-1
kghm,kgh,1
kghm,kgh,-1
kghm,kgh,1
kghm,kgh,1
kghm,kgh,1
kghm,kgh,0
kghm,kgh,1
kghm,kgh,1
kghm,kgh,-1
kghm,kgh,1
kghm,kgh,-1
kghm,kgh,1
kghm,kgh,-1
kghm,kgh,1
kghm,kgh,1
kghm,kgh,-1
kghm,kgh,1
kghm,kgh,-1
kghm,kgh,1
kghm,kgh,1
kghm,kgh,-1
kghm,kgh,-1
kghm,kgh,1
kghm,kgh,-1
kghm,kgh,1
kghm,kgh,-1
kghm,kgh,1
kghm,kgh,-1
kghm,kgh,-1
kghm,kgh,-1
kghm,kgh,-1
kghm,kgh,-1
kghm,kgh,-1
kghm,kgh,-1
kghm,kgh,-1
kghm,kgh,-1
kghm,kgh,1
kghm,kgh,1
kghm,kgh,1
kghm,kgh,1
kghm,kgh,1
kghm,kgh,1
kghm,kgh,-1
kghm,kgh,-1
kghm,kgh,-1
kghm,kgh,1
kghm,kgh,1
kghm,kgh,-1
kghm,kgh,1
kghm,kgh,-1
kghm,kgh,1
kghm,kgh,1
kghm,kgh,-1
kghm,kgh,-1
kghm,kgh,1
kghm,kgh,1
kghm,kgh,-1
kghm,kgh,-1
kghm,kgh,1
kghm,kgh,-1
kghm,kgh,1
kghm,kgh,-1
kghm,kgh,1
kghm,kgh,-1
kghm,kgh,1
kghm,kgh,1
kghm,kgh,1
kghm,kgh,-1
kruk,kru,1
kruk,kru,-1
kruk,kru,-1
kruk,kru,-1
kruk,kru,-1
kruk,kru,-1
kruk,kru,1
kruk,kru,1
kruk,kru,1
kruk,kru,1
kruk,kru,-1
kruk,kru,-1
kruk,kru,-1
kruk,kru,1
kruk,kru,-1
kruk,kru,1
kruk,kru,1
kruk,kru,1
kruk,kru,-1
kruk,kru,-1
kruk,kru,1
kruk,kru,-1
kruk,kru,1
kruk,kru,1
kruk,kru,-1
kruk,kru,-1
kruk,kru,1
kruk,kru,1
kruk,kru,-1
kruk,kru,-1
kruk,kru,-1
kruk,kru,-1
kruk,kru,-1
kruk,kru,1
kruk,kru,1
kruk,kru,1
kruk,kru,1
kruk,kru,-1
kruk,kru,-1
kruk,kru,-1
kruk,kru,1
kruk,kru,-1
kruk,kru,-1
kruk,kru,-1
kruk,kru,1
kruk,kru,1
kruk,kru,-1
kruk,kru,-1
kruk,kru,-1
kruk,kru,-1
kruk,kru,-1
kruk,kru,-1
kruk,kru,-1
kruk,kru,-1
kruk,kru,1
kruk,kru,1
kruk,kru,1
kruk,kru,1
kruk,kru,-1
kruk,kru,-1
kruk,kru,1
kruk,kru,1
kruk,kru,-1
kruk,kru,1
kruk,kru,1
kruk,kru,1
kruk,kru,-1
kruk,kru,-1
kruk,kru,-1
kruk,kru,-1
kruk,kru,1
kruk,kru,-1
kruk,kru,1
kruk,kru,1
kruk,kru,-1
kruk,kru,1
kruk,kru,1
kruk,kru,-1
kruk,kru,1
kruk,kru,1
kruk,kru,1
kruk,kru,-1
kruk,kru,1
kruk,kru,1
kruk,kru,1
kruk,kru,-1
kruk,kru,1
kruk,kru,1
kruk,kru,-1
kruk,kru,-1
kruk,kru,1
kruk,kru,1
kruk,kru,-1
kruk,kru,1
kruk,kru,-1
kruk,kru,-1
kruk,kru,1
kruk,kru,-1
kruk,kru,1
kruk,kru,-1
kruk,kru,1
kruk,kru,-1
kruk,kru,-1
kruk,kru,-1
kruk,kru,1
kruk,kru,1
kruk,kru,1
kruk,kru,1
kruk,kru,-1
kruk,kru,1
kruk,kru,-1
kruk,kru,1
kruk,kru,1
kruk,kru,-1
kruk,kru,-1
kruk,kru,-1
kruk,kru,-1
kruk,kru,-1
kruk,kru,1
kruk,kru,1
kruk,kru,-1
kruk,kru,-1
kruk,kru,-1
kruk,kru,-1
kruk,kru,1
kruk,kru,1
kruk,kru,-1
kruk,kru,1
kruk,kru,-1
kruk,kru,1
kruk,kru,-1
kruk,kru,1
kruk,kru,-1
kruk,kru,-1
kruk,kru,-1
kruk,kru,-1
kruk,kru,-1
kruk,kru,-1
kruk,kru,-1
kruk,kru,-1
kruk,kru,1
kruk,kru,-1
kruk,kru,-1
kruk,kru,1
kruk,kru,1
kruk,kru,-1
kruk,kru,1
kruk,kru,1
kruk,kru,1
kruk,kru,-1
kruk,kru,-1
kruk,kru,-1
kruk,kru,1
kruk,kru,1
kruk,kru,1
kruk,kru,1
kruk,kru,-1
kruk,kru,-1
kruk,kru,1
kruk,kru,-1
kruk,kru,-1
kruk,kru,-1
kruk,kru,1
kruk,kru,-1
kruk,kru,-1
kruk,kru,1
kruk,kru,-1
kruk,kru,-1
kruk,kru,-1
kruk,kru,1
kruk,kru,-1
kruk,kru,-1
kruk,kru,1
kruk,kru,1
kruk,kru,1
kruk,kru,1
kruk,kru,1
kruk,kru,-1
kruk,kru,-1
kruk,kru,-1
kruk,kru,-1
kruk,kru,1
kruk,kru,-1
kruk,kru,1
kruk,kru,-1
kruk,kru,1
kruk,kru,1
kruk,kru,-1
kruk,kru,1
kruk,kru,1
kruk,kru,1
kruk,kru,1
kruk,kru,1
kruk,kru,-1
kruk,kru,1
kruk,kru,1
kruk,kru,1
kruk,kru,-1
kruk,kru,-1
kruk,kru,-1
kruk,kru,1
kruk,kru,-1
kruk,kru,-1
kruk,kru,1
kruk,kru,-1
kruk,kru,1
kruk,kru,-1
kruk,kru,1
kruk,kru,-1
kruk,kru,1
kruk,kru,-1
kruk,kru,-1
kruk,kru,1
kruk,kru,1
kruk,kru,-1
kruk,kru,1
kruk,kru,1
kruk,kru,-1
kruk,kru,-1
kruk,kru,1
kruk,kru,1
kruk,kru,1
kruk,kru,1
kruk,kru,-1
kruk,kru,1
kruk,kru,1
kruk,kru,-1
kruk,kru,-1
kruk,kru,1
kruk,kru,-1
kruk,kru,0
kruk,kru,1
kruk,kru,1
kruk,kru,-1
kruk,kru,0
kruk,kru,1
kruk,kru,-1
kruk,kru,1
kruk,kru,-1
kruk,kru,1
kruk,kru,1
kruk,kru,-1
kruk,kru,0
kruk,kru,1
kruk,kru,1
kruk,kru,1
kruk,kru,-1
kruk,kru,1
kruk,kru,-1
kruk,kru,1
kruk,kru,-1
kruk,kru,1
kruk,kru,1
kruk,kru,1
kruk,kru,1
kruk,kru,1
kruk,kru,-1
kruk,kru,1
kruk,kru,1
kruk,kru,1
kruk,kru,1
kruk,kru,1
kruk,kru,1
kruk,kru,1
kruk,kru,-1
kruk,kru,-1
kruk,kru,-1
kruk,kru,-1
kruk,kru,-1
kruk,kru,1
kruk,kru,-1
kruk,kru,-1
kruk,kru,1
kruk,kru,-1
kruk,kru,1
kruk,kru,-1
kruk,kru,-1
kruk,kru,-1
kruk,kru,1
kruk,kru,1
kruk,kru,-1
kruk,kru,1
kruk,kru,1
kruk,kru,-1
kruk,kru,-1
kruk,kru,-1
kruk,kru,1
kruk,kru,1
kruk,kru,-1
kruk,kru,-1
kruk,kru,-1
kruk,kru,1
kruk,kru,1
kruk,kru,-1
kruk,kru,-1
kruk,kru,1
kruk,kru,1
kruk,kru,1
kruk,kru,1
kruk,kru,1
kruk,kru,1
kruk,kru,-1
kruk,kru,1
kruk,kru,1
kruk,kru,1
kruk,kru,1
kruk,kru,-1
kruk,kru,1
kruk,kru,-1
kruk,kru,1
kruk,kru,-1
kruk,kru,-1
kruk,kru,1
kruk,kru,-1
kruk,kru,0
kruk,kru,1
kruk,kru,1
kruk,kru,-1
kruk,kru,1
kruk,kru,1
kruk,kru,-1
kruk,kru,-1
kruk,kru,1
kruk,kru,1
kruk,kru,1
kruk,kru,-1
kruk,kru,-1
kruk,kru,-1
kruk,kru,1
kruk,kru,-1
kruk,kru,1
kruk,kru,-1
kruk,kru,1
kruk,kru,1
kruk,kru,1
kruk,kru,-1
kruk,kru,1
kruk,kru,-1
kruk,kru,1
kruk,kru,-1
kruk,kru,-1
kruk,kru,-1
kruk,kru,-1
kruk,kru,-1
kruk,kru,1
kruk,kru,1
kruk,kru,-1
kruk,kru,-1
kruk,kru,1
kruk,kru,1
kruk,kru,-1
kruk,kru,1
kruk,kru,-1
kruk,kru,-1
kruk,kru,1
kruk,kru,1
kruk,kru,-1
kruk,kru,1
kruk,kru,1
kruk,kru,1
kruk,kru,1
kruk,kru,1
kruk,kru,-1
kruk,kru,-1
kruk,kru,-1
kruk,kru,-1
kruk,kru,1
kruk,kru,1
kruk,kru,1
kruk,kru,-1
kruk,kru,0
kruk,kru,-1
kruk,kru,1
kruk,kru,1
kruk,kru,1
kruk,kru,-1
kruk,kru,-1
kruk,kru,1
kruk,kru,-1
kruk,kru,1
kruk,kru,-1
kruk,kru,1
kruk,kru,-1
kruk,kru,-1
kruk,kru,1
kruk,kru,1
kruk,kru,-1
kruk,kru,-1
kruk,kru,1
kruk,kru,-1
kruk,kru,1
kruk,kru,1
kruk,kru,1
kruk,kru,-1
kruk,kru,1
kruk,kru,1
kruk,kru,-1
kruk,kru,-1
kruk,kru,1
kruk,kru,1
kruk,kru,1
kruk,kru,-1
kruk,kru,1
kruk,kru,-1
kruk,kru,-1
kruk,kru,-1
kruk,kru,-1
kruk,kru,-1
kruk,kru,1
kruk,kru,-1
kruk,kru,-1
kruk,kru,-1
kruk,kru,1
kruk,kru,1
kruk,kru,-1
kruk,kru,1
kruk,kru,1
kruk,kru,1
kruk,kru,-1
lpp,lpp,-1
lpp,lpp,1
lpp,lpp,-1
lpp,lpp,-1
lpp,lpp,-1
lpp,lpp,-1
lpp,lpp,-1
lpp,lpp,1
lpp,lpp,1
lpp,lpp,1
lpp,lpp,-1
lpp,lpp,-1
lpp,lpp,1
lpp,lpp,1
lpp,lpp,1
lpp,lpp,1
lpp,lpp,-1
lpp,lpp,1
lpp,lpp,1
lpp,lpp,-1
lpp,lpp,1
lpp,lpp,1
lpp,lpp,-1
lpp,lpp,-1
lpp,lpp,-1
lpp,lpp,1
lpp,lpp,1
lpp,lpp,1
lpp,lpp,-1
lpp,lpp,-1
lpp,lpp,1
lpp,lpp,-1
lpp,lpp,1
lpp,lpp,1
lpp,lpp,-1
lpp,lpp,1
lpp,lpp,-1
lpp,lpp,-1
lpp,lpp,1
lpp,lpp,1
lpp,lpp,-1
lpp,lpp,1
lpp,lpp,1
lpp,lpp,-1
lpp,lpp,-1
lpp,lpp,1
lpp,lpp,1
lpp,lpp,1
lpp,lpp,-1
lpp,lpp,1
lpp,lpp,-1
lpp,lpp,-1
lpp,lpp,1
lpp,lpp,1
lpp,lpp,-1
lpp,lpp,1
lpp,lpp,1
lpp,lpp,-1
lpp,lpp,-1
lpp,lpp,1
lpp,lpp,1
lpp,lpp,-1
lpp,lpp,1
lpp,lpp,-1
lpp,lpp,-1
lpp,lpp,-1
lpp,lpp,1
lpp,lpp,-1
lpp,lpp,1
lpp,lpp,-1
lpp,lpp,1
lpp,lpp,1
lpp,lpp,-1
lpp,lpp,1
lpp,lpp,1
lpp,lpp,-1
lpp,lpp,1
lpp,lpp,1
lpp,lpp,1
lpp,lpp,1
lpp,lpp,-1
lpp,lpp,-1
lpp,lpp,1
lpp,lpp,1
lpp,lpp,1
lpp,lpp,1
lpp,lpp,1
lpp,lpp,-1
lpp,lpp,1
lpp,lpp,-1
lpp,lpp,-1
lpp,lpp,1
lpp,lpp,1
lpp,lpp,1
lpp,lpp,-1
lpp,lpp,-1
lpp,lpp,-1
lpp,lpp,1
lpp,lpp,1
lpp,lpp,-1
lpp,lpp,1
lpp,lpp,-1
lpp,lpp,1
lpp,lpp,-1
lpp,lpp,1
lpp,lpp,-1
lpp,lpp,1
lpp,lpp,-1
lpp,lpp,1
lpp,lpp,1
lpp,lpp,1
lpp,lpp,-1
lpp,lpp,-1
lpp,lpp,-1
lpp,lpp,1
lpp,lpp,1
lpp,lpp,1
lpp,lpp,-1
lpp,lpp,-1
lpp,lpp,1
lpp,lpp,1
lpp,lpp,1
lpp,lpp,1
lpp,lpp,1
lpp,lpp,1
lpp,lpp,1
lpp,lpp,-1
lpp,lpp,-1
lpp,lpp,-1
lpp,lpp,-1
lpp,lpp,-1
lpp,lpp,1
lpp,lpp,1
lpp,lpp,-1
lpp,lpp,1
lpp,lpp,1
lpp,lpp,-1
lpp,lpp,-1
lpp,lpp,-1
lpp,lpp,-1
lpp,lpp,1
lpp,lpp,1
lpp,lpp,-1
lpp,lpp,1
lpp,lpp,1
lpp,lpp,-1
lpp,lpp,-1
lpp,lpp,1
lpp,lpp,-1
lpp,lpp,1
lpp,lpp,1
lpp,lpp,1
lpp,lpp,1
lpp,lpp,-1
lpp,lpp,1
lpp,lpp,-1
lpp,lpp,1
lpp,lpp,1
lpp,lpp,-1
lpp,lpp,1
lpp,lpp,1
lpp,lpp,1
lpp,lpp,1
lpp,lpp,1
lpp,lpp,1
lpp,lpp,1
lpp,lpp,-1
lpp,lpp,1
lpp,lpp,-1
lpp,lpp,1
lpp,lpp,1
lpp,lpp,-1
lpp,lpp,1
lpp,lpp,-1
lpp,lpp,1
lpp,lpp,1
lpp,lpp,1
lpp,lpp,-1
lpp,lpp,1
lpp,lpp,-1
lpp,lpp,1
lpp,lpp,1
lpp,lpp,1
lpp,lpp,1
lpp,lpp,-1
lpp,lpp,1
lpp,lpp,1
lpp,lpp,1
lpp,lpp,1
lpp,lpp,-1
lpp,lpp,-1
lpp,lpp,-1
lpp,lpp,-1
lpp,lpp,1
lpp,lpp,-1
lpp,lpp,-1
lpp,lpp,1
lpp,lpp,1
lpp,lpp,1
lpp,lpp,1
lpp,lpp,1
lpp,lpp,-1
lpp,lpp,-1
lpp,lpp,1
lpp,lpp,1
lpp,lpp,1
lpp,lpp,-1
lpp,lpp,-1
lpp,lpp,-1
lpp,lpp,1
lpp,lpp,-1
lpp,lpp,-1
lpp,lpp,1
lpp,lpp,-1
lpp,lpp,1
lpp,lpp,1
lpp,lpp,-1
lpp,lpp,-1
lpp,lpp,-1
lpp,lpp,-1
lpp,lpp,-1
lpp,lpp,1
lpp,lpp,-1
lpp,lpp,1
lpp,lpp,-1
lpp,lpp,1
lpp,lpp,-1
lpp,lpp,1
lpp,lpp,-1
lpp,lpp,1
lpp,lpp,-1
lpp,lpp,-1
lpp,lpp,1
lpp,lpp,-1
lpp,lpp,-1
lpp,lpp,-1
lpp,lpp,1
lpp,lpp,-1
lpp,lpp,1
lpp,lpp,1
lpp,lpp,-1
lpp,lpp,1
lpp,lpp,-1
lpp,lpp,1
lpp,lpp,1
lpp,lpp,-1
lpp,lpp,-1
lpp,lpp,1
lpp,lpp,1
lpp,lpp,-1
lpp,lpp,-1
lpp,lpp,1
lpp,lpp,0
lpp,lpp,1
lpp,lpp,1
lpp,lpp,-1
lpp,lpp,0
lpp,lpp,-1
lpp,lpp,-1
lpp,lpp,1
lpp,lpp,1
lpp,lpp,1
lpp,lpp,1
lpp,lpp,1
lpp,lpp,1
lpp,lpp,-1
lpp,lpp,-1
lpp,lpp,1
lpp,lpp,1
lpp,lpp,-1
lpp,lpp,-1
lpp,lpp,-1
lpp,lpp,1
lpp,lpp,1
lpp,lpp,1
lpp,lpp,1
lpp,lpp,1
lpp,lpp,1
lpp,lpp,1
lpp,lpp,-1
lpp,lpp,1
lpp,lpp,1
lpp,lpp,1
lpp,lpp,1
lpp,lpp,-1
lpp,lpp,-1
lpp,lpp,1
lpp,lpp,1
lpp,lpp,1
lpp,lpp,1
lpp,lpp,-1
lpp,lpp,-1
lpp,lpp,1
lpp,lpp,-1
lpp,lpp,-1
lpp,lpp,-1
lpp,lpp,1
lpp,lpp,-1
lpp,lpp,1
lpp,lpp,1
lpp,lpp,1
lpp,lpp,0
lpp,lpp,1
lpp,lpp,1
lpp,lpp,-1
lpp,lpp,-1
lpp,lpp,1
lpp,lpp,1
lpp,lpp,-1
lpp,lpp,-1
lpp,lpp,1
lpp,lpp,-1
lpp,lpp,1
lpp,lpp,-1
lpp,lpp,1
lpp,lpp,-1
lpp,lpp,1
lpp,lpp,-1
lpp,lpp,-1
lpp,lpp,1
lpp,lpp,1
lpp,lpp,-1
lpp,lpp,-1
lpp,lpp,1
lpp,lpp,1
lpp,lpp,-1
lpp,lpp,1
lpp,lpp,1
lpp,lpp,-1
lpp,lpp,1
lpp,lpp,0
lpp,lpp,1
lpp,lpp,1
lpp,lpp,-1
lpp,lpp,0
lpp,lpp,-1
lpp,lpp,-1
lpp,lpp,1
lpp,lpp,-1
lpp,lpp,1
lpp,lpp,-1
lpp,lpp,-1
lpp,lpp,1
lpp,lpp,-1
lpp,lpp,-1
lpp,lpp,1
lpp,lpp,-1
lpp,lpp,-1
lpp,lpp,-1
lpp,lpp,1
lpp,lpp,-1
lpp,lpp,1
lpp,lpp,-1
lpp,lpp,1
lpp,lpp,-1
lpp,lpp,-1
lpp,lpp,1
lpp,lpp,1
lpp,lpp,1
lpp,lpp,-1
lpp,lpp,-1
lpp,lpp,1
lpp,lpp,1
lpp,lpp,-1
lpp,lpp,1
lpp,lpp,-1
lpp,lpp,-1
lpp,lpp,-1
lpp,lpp,-1
lpp,lpp,1
lpp,lpp,1
lpp,lpp,-1
lpp,lpp,1
lpp,lpp,-1
lpp,lpp,-1
lpp,lpp,1
lpp,lpp,-1
lpp,lpp,1
lpp,lpp,1
lpp,lpp,1
lpp,lpp,1
lpp,lpp,-1
lpp,lpp,1
lpp,lpp,1
lpp,lpp,1
lpp,lpp,1
lpp,lpp,-1
lpp,lpp,1
lpp,lpp,1
lpp,lpp,1
lpp,lpp,-1
lpp,lpp,1
lpp,lpp,-1
lpp,lpp,-1
lpp,lpp,1
lpp,lpp,1
lpp,lpp,-1
lpp,lpp,-1
lpp,lpp,1
lpp,lpp,1
lpp,lpp,1
lpp,lpp,-1
lpp,lpp,1
lpp,lpp,1
lpp,lpp,-1
lpp,lpp,1
lpp,lpp,-1
lpp,lpp,-1
lpp,lpp,-1
lpp,lpp,-1
lpp,lpp,-1
lpp,lpp,-1
lpp,lpp,1
lpp,lpp,-1
lpp,lpp,-1
lpp,lpp,-1
lpp,lpp,1
lpp,lpp,1
lpp,lpp,-1
mbank,mbk,1
mbank,mbk,-1
mbank,mbk,1
mbank,mbk,1
mbank,mbk,1
mbank,mbk,-1
mbank,mbk,1
mbank,mbk,-1
mbank,mbk,-1
mbank,mbk,1
mbank,mbk,1
mbank,mbk,1
mbank,mbk,-1
mbank,mbk,-1
mbank,mbk,1
mbank,mbk,1
mbank,mbk,1
mbank,mbk,1
mbank,mbk,1
mbank,mbk,1
mbank,mbk,1
mbank,mbk,1
mbank,mbk,1
mbank,mbk,1
mbank,mbk,-1
mbank,mbk,1
mbank,mbk,1
mbank,mbk,1
mbank,mbk,-1
mbank,mbk,1
mbank,mbk,1
mbank,mbk,1
mbank,mbk,-1
mbank,mbk,-1
mbank,mbk,1
mbank,mbk,1
mbank,mbk,-1
mbank,mbk,-1
mbank,mbk,-1
mbank,mbk,0
mbank,mbk,1
mbank,mbk,-1
mbank,mbk,1
mbank,mbk,-1
mbank,mbk,-1
mbank,mbk,1
mbank,mbk,-1
mbank,mbk,-1
mbank,mbk,-1
mbank,mbk,1
mbank,mbk,1
mbank,mbk,-1
mbank,mbk,-1
mbank,mbk,1
mbank,mbk,1
mbank,mbk,1
mbank,mbk,-1
mbank,mbk,1
mbank,mbk,-1
mbank,mbk,-1
mbank,mbk,-1
mbank,mbk,1
mbank,mbk,1
mbank,mbk,-1
mbank,mbk,1
mbank,mbk,-1
mbank,mbk,1
mbank,mbk,-1
mbank,mbk,1
mbank,mbk,1
mbank,mbk,-1
mbank,mbk,-1
mbank,mbk,-1
mbank,mbk,-1
mbank,mbk,1
mbank,mbk,-1
mbank,mbk,1
mbank,mbk,-1
mbank,mbk,-1
mbank,mbk,1
mbank,mbk,-1
mbank,mbk,-1
mbank,mbk,-1
mbank,mbk,-1
mbank,mbk,-1
mbank,mbk,1
mbank,mbk,1
mbank,mbk,-1
mbank,mbk,1
mbank,mbk,-1
mbank,mbk,1
mbank,mbk,-1
mbank,mbk,1
mbank,mbk,1
mbank,mbk,-1
mbank,mbk,-1
mbank,mbk,-1
mbank,mbk,1
mbank,mbk,1
mbank,mbk,1
mbank,mbk,1
mbank,mbk,1
mbank,mbk,1
mbank,mbk,1
mbank,mbk,1
mbank,mbk,-1
mbank,mbk,1
mbank,mbk,1
mbank,mbk,-1
mbank,mbk,-1
mbank,mbk,1
mbank,mbk,-1
mbank,mbk,1
mbank,mbk,-1
mbank,mbk,-1
mbank,mbk,-1
mbank,mbk,1
mbank,mbk,-1
mbank,mbk,-1
mbank,mbk,-1
mbank,mbk,1
mbank,mbk,1
mbank,mbk,1
mbank,mbk,-1
mbank,mbk,1
mbank,mbk,1
mbank,mbk,-1
mbank,mbk,-1
mbank,mbk,1
mbank,mbk,1
mbank,mbk,-1
mbank,mbk,1
mbank,mbk,1
mbank,mbk,-1
mbank,mbk,1
mbank,mbk,-1
mbank,mbk,-1
mbank,mbk,-1
mbank,mbk,-1
mbank,mbk,-1
mbank,mbk,-1
mbank,mbk,-1
mbank,mbk,-1
mbank,mbk,1
mbank,mbk,1
mbank,mbk,1
mbank,mbk,-1
mbank,mbk,1
mbank,mbk,-1
mbank,mbk,1
mbank,mbk,-1
mbank,mbk,1
mbank,mbk,1
mbank,mbk,1
mbank,mbk,1
mbank,mbk,1
mbank,mbk,-1
mbank,mbk,-1
mbank,mbk,1
mbank,mbk,-1
mbank,mbk,1
mbank,mbk,1
mbank,mbk,-1
mbank,mbk,1
mbank,mbk,-1
mbank,mbk,1
mbank,mbk,1
mbank,mbk,-1
mbank,mbk,1
mbank,mbk,-1
mbank,mbk,-1
mbank,mbk,1
mbank,mbk,-1
mbank,mbk,-1
mbank,mbk,-1
mbank,mbk,-1
mbank,mbk,1
mbank,mbk,1
mbank,mbk,-1
mbank,mbk,-1
mbank,mbk,1
mbank,mbk,-1
mbank,mbk,1
mbank,mbk,-1
mbank,mbk,1
mbank,mbk,-1
mbank,mbk,-1
mbank,mbk,-1
mbank,mbk,1
mbank,mbk,-1
mbank,mbk,-1
mbank,mbk,1
mbank,mbk,1
mbank,mbk,-1
mbank,mbk,1
mbank,mbk,1
mbank,mbk,1
mbank,mbk,-1
mbank,mbk,1
mbank,mbk,-1
mbank,mbk,1
mbank,mbk,1
mbank,mbk,1
mbank,mbk,-1
mbank,mbk,1
mbank,mbk,-1
mbank,mbk,1
mbank,mbk,-1
mbank,mbk,-1
mbank,mbk,-1
mbank,mbk,1
mbank,mbk,1
mbank,mbk,1
mbank,mbk,-1
mbank,mbk,-1
mbank,mbk,1
mbank,mbk,-1
mbank,mbk,1
mbank,mbk,1
mbank,mbk,1
mbank,mbk,1
mbank,mbk,-1
mbank,mbk,1
mbank,mbk,-1
mbank,mbk,1
mbank,mbk,1
mbank,mbk,1
mbank,mbk,1
mbank,mbk,-1
mbank,mbk,-1
mbank,mbk,-1
mbank,mbk,1
mbank,mbk,1
mbank,mbk,-1
mbank,mbk,1
mbank,mbk,-1
mbank,mbk,-1
mbank,mbk,1
mbank,mbk,-1
mbank,mbk,1
mbank,mbk,1
mbank,mbk,-1
mbank,mbk,-1
mbank,mbk,-1
mbank,mbk,1
mbank,mbk,1
mbank,mbk,1
mbank,mbk,-1
mbank,mbk,1
mbank,mbk,1
mbank,mbk,1
mbank,mbk,-1
mbank,mbk,1
mbank,mbk,-1
mbank,mbk,1
mbank,mbk,-1
mbank,mbk,1
mbank,mbk,1
mbank,mbk,-1
mbank,mbk,1
mbank,mbk,1
mbank,mbk,-1
mbank,mbk,1
mbank,mbk,1
mbank,mbk,-1
mbank,mbk,1
mbank,mbk,-1
mbank,mbk,1
mbank,mbk,1
mbank,mbk,1
mbank,mbk,-1
mbank,mbk,-1
mbank,mbk,-1
mbank,mbk,-1
mbank,mbk,-1
mbank,mbk,-1
mbank,mbk,1
mbank,mbk,1
mbank,mbk,-1
mbank,mbk,-1
mbank,mbk,-1
mbank,mbk,-1
mbank,mbk,-1
mbank,mbk,1
mbank,mbk,1
mbank,mbk,-1
mbank,mbk,1
mbank,mbk,-1
mbank,mbk,-1
mbank,mbk,1
mbank,mbk,1
mbank,mbk,1
mbank,mbk,1
mbank,mbk,-1
mbank,mbk,-1
mbank,mbk,1
mbank,mbk,1
mbank,mbk,-1
mbank,mbk,-1
mbank,mbk,1
mbank,mbk,-1
mbank,mbk,-1
mbank,mbk,1
mbank,mbk,1
mbank,mbk,1
mbank,mbk,1
mbank,mbk,1
mbank,mbk,-1
mbank,mbk,-1
mbank,mbk,-1
mbank,mbk,1
mbank,mbk,-1
mbank,mbk,1
mbank,mbk,1
mbank,mbk,0
mbank,mbk,-1
mbank,mbk,1
mbank,mbk,1
mbank,mbk,1
mbank,mbk,-1
mbank,mbk,-1
mbank,mbk,-1
mbank,mbk,-1
mbank,mbk,-1
mbank,mbk,-1
mbank,mbk,-1
mbank,mbk,1
mbank,mbk,-1
mbank,mbk,1
mbank,mbk,-1
mbank,mbk,1
mbank,mbk,1
mbank,mbk,1
mbank,mbk,-1
mbank,mbk,-1
mbank,mbk,-1
mbank,mbk,-1
mbank,mbk,1
mbank,mbk,-1
mbank,mbk,-1
mbank,mbk,-1
mbank,mbk,1
mbank,mbk,-1
mbank,mbk,-1
mbank,mbk,1
mbank,mbk,-1
mbank,mbk,1
mbank,mbk,-1
mbank,mbk,-1
mbank,mbk,-1
mbank,mbk,1
mbank,mbk,1
mbank,mbk,-1
mbank,mbk,1
mbank,mbk,1
mbank,mbk,1
mbank,mbk,1
mbank,mbk,1
mbank,mbk,-1
mbank,mbk,-1
mbank,mbk,-1
mbank,mbk,-1
mbank,mbk,-1
mbank,mbk,1
mbank,mbk,1
mbank,mbk,1
mbank,mbk,1
mbank,mbk,1
mbank,mbk,1
mbank,mbk,1
mbank,mbk,1
mbank,mbk,-1
mbank,mbk,1
mbank,mbk,1
mbank,mbk,-1
mbank,mbk,-1
mbank,mbk,1
mbank,mbk,1
mbank,mbk,1
mbank,mbk,1
mbank,mbk,1
mbank,mbk,-1
mbank,mbk,1
mbank,mbk,1
mbank,mbk,1
mbank,mbk,1
mbank,mbk,1
mbank,mbk,-1
mbank,mbk,1
mbank,mbk,1
mbank,mbk,1
mbank,mbk,1
mbank,mbk,-1
mbank,mbk,1
mbank,mbk,-1
mbank,mbk,1
mbank,mbk,-1
mbank,mbk,1
mbank,mbk,1
mbank,mbk,1
mbank,mbk,1
mbank,mbk,1
mbank,mbk,1
mbank,mbk,-1
mbank,mbk,-1
mbank,mbk,-1
mbank,mbk,-1
mbank,mbk,1
mbank,mbk,1
mbank,mbk,-1
mbank,mbk,-1
mbank,mbk,-1
mbank,mbk,-1
mbank,mbk,1
mbank,mbk,-1
mbank,mbk,-1
mbank,mbk,1
mbank,mbk,1
mbank,mbk,1
orange,opl,-1
orange,opl,1
orange,opl,1
orange,opl,1
orange,opl,1
orange,opl,-1
orange,opl,-1
orange,opl,-1
orange,opl,-1
orange,opl,1
orange,opl,-1
orange,opl,1
orange,opl,1
orange,opl,1
orange,opl,-1
orange,opl,1
orange,opl,-1
orange,opl,1
orange,opl,-1
orange,opl,1
orange,opl,-1
orange,opl,-1
orange,opl,1
orange,opl,-1
orange,opl,-1
orange,opl,-1
orange,opl,1
orange,opl,1
orange,opl,-1
orange,opl,1
orange,opl,1
orange,opl,1
orange,opl,1
orange,opl,1
orange,opl,1
orange,opl,1
orange,opl,-1
orange,opl,-1
orange,opl,-1
orange,opl,1
orange,opl,1
orange,opl,1
orange,opl,1
orange,opl,-1
orange,opl,-1
orange,opl,1
orange,opl,1
orange,opl,1
orange,opl,-1
orange,opl,1
orange,opl,1
orange,opl,-1
orange,opl,1
orange,opl,1
orange,opl,1
orange,opl,1
orange,opl,1
orange,opl,1
orange,opl,-1
orange,opl,-1
orange,opl,-1
orange,opl,1
orange,opl,-1
orange,opl,1
orange,opl,1
orange,opl,1
orange,opl,1
orange,opl,-1
orange,opl,1
orange,opl,1
orange,opl,1
orange,opl,-1
orange,opl,1
orange,opl,1
orange,opl,1
orange,opl,-1
orange,opl,1
orange,opl,1
orange,opl,1
orange,opl,-1
orange,opl,-1
orange,opl,1
orange,opl,1
orange,opl,-1
orange,opl,-1
orange,opl,-1
orange,opl,1
orange,opl,1
orange,opl,-1
orange,opl,1
orange,opl,1
orange,opl,-1
orange,opl,-1
orange,opl,-1
orange,opl,-1
orange,opl,1
orange,opl,1
orange,opl,-1
orange,opl,-1
orange,opl,1
orange,opl,-1
orange,opl,1
orange,opl,1
orange,opl,1
orange,opl,-1
orange,opl,1
orange,opl,1
orange,opl,1
orange,opl,-1
orange,opl,1
orange,opl,1
orange,opl,-1
orange,opl,1
orange,opl,-1
orange,opl,1
orange,opl,1
orange,opl,-1
orange,opl,-1
orange,opl,-1
orange,opl,1
orange,opl,-1
orange,opl,1
orange,opl,1
orange,opl,-1
orange,opl,1
orange,opl,-1
orange,opl,-1
orange,opl,-1
orange,opl,-1
orange,opl,1
orange,opl,-1
orange,opl,1
orange,opl,-1
orange,opl,1
orange,opl,-1
orange,opl,-1
orange,opl,1
orange,opl,1
orange,opl,-1
orange,opl,-1
orange,opl,1
orange,opl,1
orange,opl,1
orange,opl,1
orange,opl,-1
orange,opl,1
orange,opl,-1
orange,opl,-1
orange,opl,1
orange,opl,-1
orange,opl,-1
orange,opl,1
orange,opl,1
orange,opl,1
orange,opl,-1
orange,opl,1
orange,opl,-1
orange,opl,-1
orange,opl,-1
orange,opl,-1
orange,opl,-1
orange,opl,1
orange,opl,-1
orange,opl,-1
orange,opl,1
orange,opl,-1
orange,opl,-1
orange,opl,1
orange,opl,-1
orange,opl,-1
orange,opl,1
orange,opl,-1
orange,opl,-1
orange,opl,-1
orange,opl,1
orange,opl,1
orange,opl,1
orange,opl,1
orange,opl,1
orange,opl,-1
orange,opl,-1
orange,opl,1
orange,opl,-1
orange,opl,1
orange,opl,1
orange,opl,1
orange,opl,1
orange,opl,-1
orange,opl,1
orange,opl,-1
orange,opl,-1
orange,opl,-1
orange,opl,-1
orange,opl,-1
orange,opl,-1
orange,opl,-1
orange,opl,1
orange,opl,-1
orange,opl,1
orange,opl,-1
orange,opl,1
orange,opl,-1
orange,opl,-1
orange,opl,1
orange,opl,1
orange,opl,1
orange,opl,1
orange,opl,-1
orange,opl,-1
orange,opl,-1
orange,opl,-1
orange,opl,1
orange,opl,-1
orange,opl,-1
orange,opl,-1
orange,opl,-1
orange,opl,-1
orange,opl,1
orange,opl,1
orange,opl,1
orange,opl,-1
orange,opl,-1
orange,opl,-1
orange,opl,-1
orange,opl,-1
orange,opl,1
orange,opl,-1
orange,opl,-1
orange,opl,-1
orange,opl,-1
orange,opl,-1
orange,opl,-1
orange,opl,-1
orange,opl,-1
orange,opl,-1
orange,opl,1
orange,opl,1
orange,opl,1
orange,opl,-1
orange,opl,-1
orange,opl,1
orange,opl,-1
orange,opl,-1
orange,opl,1
orange,opl,1
orange,opl,1
orange,opl,-1
orange,opl,1
orange,opl,1
orange,opl,-1
orange,opl,-1
orange,opl,-1
orange,opl,1
orange,opl,-1
orange,opl,-1
orange,opl,-1
orange,opl,-1
orange,opl,-1
orange,opl,-1
orange,opl,1
orange,opl,1
orange,opl,-1
orange,opl,-1
orange,opl,-1
orange,opl,-1
orange,opl,-1
orange,opl,1
orange,opl,-1
orange,opl,-1
orange,opl,-1
orange,opl,1
orange,opl,-1
orange,opl,1
orange,opl,-1
orange,opl,1
orange,opl,-1
orange,opl,1
orange,opl,1
orange,opl,-1
orange,opl,1
orange,opl,-1
orange,opl,-1
orange,opl,-1
orange,opl,1
orange,opl,1
orange,opl,1
orange,opl,-1
orange,opl,1
orange,opl,-1
orange,opl,-1
orange,opl,1
orange,opl,-1
orange,opl,1
orange,opl,-1
orange,opl,-1
orange,opl,1
orange,opl,-1
orange,opl,-1
orange,opl,1
orange,opl,-1
orange,opl,-1
orange,opl,1
orange,opl,1
orange,opl,-1
orange,opl,1
orange,opl,-1
orange,opl,1
orange,opl,-1
orange,opl,-1
orange,opl,1
orange,opl,1
orange,opl,1
orange,opl,1
orange,opl,1
orange,opl,-1
orange,opl,1
orange,opl,-1
orange,opl,1
orange,opl,-1
orange,opl,1
orange,opl,1
orange,opl,-1
orange,opl,-1
orange,opl,1
orange,opl,-1
orange,opl,-1
orange,opl,1
orange,opl,1
orange,opl,1
orange,opl,-1
orange,opl,1
orange,opl,1
orange,opl,1
orange,opl,-1
orange,opl,1
orange,opl,-1
orange,opl,1
orange,opl,1
orange,opl,-1
orange,opl,1
orange,opl,-1
orange,opl,1
orange,opl,1
orange,opl,-1
orange,opl,1
orange,opl,-1
orange,opl,-1
orange,opl,-1
orange,opl,1
orange,opl,1
orange,opl,-1
orange,opl,-1
orange,opl,-1
orange,opl,-1
orange,opl,-1
orange,opl,1
orange,opl,1
orange,opl,1
orange,opl,-1
orange,opl,1
orange,opl,1
orange,opl,-1
orange,opl,1
orange,opl,-1
orange,opl,-1
orange,opl,-1
orange,opl,-1
orange,opl,1
orange,opl,1
orange,opl,1
orange,opl,1
orange,opl,1
orange,opl,1
orange,opl,1
orange,opl,1
orange,opl,-1
orange,opl,1
orange,opl,1
orange,opl,1
orange,opl,1
orange,opl,-1
orange,opl,-1
orange,opl,1
orange,opl,-1
orange,opl,-1
orange,opl,-1
orange,opl,1
orange,opl,-1
orange,opl,1
orange,opl,1
orange,opl,1
orange,opl,-1
orange,opl,1
orange,opl,1
orange,opl,-1
orange,opl,1
orange,opl,-1
orange,opl,1
orange,opl,1
orange,opl,1
orange,opl,-1
orange,opl,-1
orange,opl,1
orange,opl,1
orange,opl,-1
orange,opl,-1
orange,opl,-1
orange,opl,-1
orange,opl,1
orange,opl,1
orange,opl,1
orange,opl,-1
orange,opl,-1
orange,opl,-1
orange,opl,-1
orange,opl,-1
orange,opl,1
orange,opl,-1
orange,opl,-1
pekao,pko,1
pekao,pko,-1
pekao,pko,1
pekao,pko,1
pekao,pko,1
pekao,pko,1
pekao,pko,1
pekao,pko,1
pekao,pko,-1
pekao,pko,-1
pekao,pko,1
pekao,pko,-1
pekao,pko,-1
pekao,pko,-1
pekao,pko,-1
pekao,pko,-1
pekao,pko,-1
pekao,pko,-1
pekao,pko,-1
pekao,pko,-1
pekao,pko,-1
pekao,pko,-1
pekao,pko,1
pekao,pko,-1
pekao,pko,-1
pekao,pko,1
pekao,pko,-1
pekao,pko,1
pekao,pko,-1
pekao,pko,1
pekao,pko,1
pekao,pko,1
pekao,pko,1
pekao,pko,1
pekao,pko,1
pekao,pko,-1
pekao,pko,1
pekao,pko,-1
pekao,pko,-1
pekao,pko,-1
pekao,pko,-1
pekao,pko,-1
pekao,pko,1
pekao,pko,-1
pekao,pko,1
pekao,pko,-1
pekao,pko,-1
pekao,pko,-1
pekao,pko,-1
pekao,pko,-1
pekao,pko,-1
pekao,pko,-1
pekao,pko,-1
pekao,pko,1
pekao,pko,1
pekao,pko,1
pekao,pko,-1
pekao,pko,1
pekao,pko,-1
pekao,pko,1
pekao,pko,1
pekao,pko,-1
pekao,pko,-1
pekao,pko,1
pekao,pko,1
pekao,pko,-1
pekao,pko,1
pekao,pko,-1
pekao,pko,-1
pekao,pko,1
pekao,pko,-1
pekao,pko,1
pekao,pko,1
pekao,pko,-1
pekao,pko,1
pekao,pko,-1
pekao,pko,-1
pekao,pko,-1
pekao,pko,-1
pekao,pko,-1
pekao,pko,-1
pekao,pko,1
pekao,pko,-1
pekao,pko,1
pekao,pko,-1
pekao,pko,1
pekao,pko,0
pekao,pko,-1
pekao,pko,-1
pekao,pko,1
pekao,pko,1
pekao,pko,1
pekao,pko,-1
pekao,pko,1
pekao,pko,-1
pekao,pko,1
pekao,pko,-1
pekao,pko,-1
pekao,pko,1
pekao,pko,1
pekao,pko,-1
pekao,pko,1
pekao,pko,1
pekao,pko,1
pekao,pko,-1
pekao,pko,1
pekao,pko,-1
pekao,pko,1
pekao,pko,-1
pekao,pko,-1
pekao,pko,1
pekao,pko,1
pekao,pko,1
pekao,pko,1
pekao,pko,-1
pekao,pko,-1
pekao,pko,-1
pekao,pko,1
pekao,pko,1
pekao,pko,1
pekao,pko,1
pekao,pko,-1
pekao,pko,-1
pekao,pko,-1
pekao,pko,-1
pekao,pko,-1
pekao,pko,1
pekao,pko,-1
pekao,pko,-1
pekao,pko,1
pekao,pko,-1
pekao,pko,1
pekao,pko,-1
pekao,pko,-1
pekao,pko,-1
pekao,pko,1
pekao,pko,-1
pekao,pko,-1
pekao,pko,-1
pekao,pko,-1
pekao,pko,1
pekao,pko,1
pekao,pko,1
pekao,pko,-1
pekao,pko,1
pekao,pko,1
pekao,pko,-1
pekao,pko,1
pekao,pko,-1
pekao,pko,1
pekao,pko,-1
pekao,pko,-1
pekao,pko,1
pekao,pko,1
pekao,pko,1
pekao,pko,-1
pekao,pko,-1
pekao,pko,1
pekao,pko,1
pekao,pko,1
pekao,pko,-1
pekao,pko,1
pekao,pko,-1
pekao,pko,1
pekao,pko,1
pekao,pko,1
pekao,pko,1
pekao,pko,-1
pekao,pko,1
pekao,pko,-1
pekao,pko,1
pekao,pko,-1
pekao,pko,-1
pekao,pko,-1
pekao,pko,1
pekao,pko,1
pekao,pko,-1
pekao,pko,-1
pekao,pko,-1
pekao,pko,1
pekao,pko,1
pekao,pko,1
pekao,pko,1
pekao,pko,-1
pekao,pko,-1
pekao,pko,-1
pekao,pko,-1
pekao,pko,-1
pekao,pko,1
pekao,pko,-1
pekao,pko,-1
pekao,pko,1
pekao,pko,1
pekao,pko,-1
pekao,pko,1
pekao,pko,1
pekao,pko,1
pekao,pko,-1
pekao,pko,1
pekao,pko,-1
pekao,pko,-1
pekao,pko,1
pekao,pko,-1
pekao,pko,1
pekao,pko,1
pekao,pko,1
pekao,pko,-1
pekao,pko,-1
pekao,pko,-1
pekao,pko,-1
pekao,pko,-1
pekao,pko,-1
pekao,pko,1
pekao,pko,-1
pekao,pko,-1
pekao,pko,-1
pekao,pko,-1
pekao,pko,1
pekao,pko,1
pekao,pko,1
pekao,pko,1
pekao,pko,-1
pekao,pko,1
pekao,pko,-1
pekao,pko,1
pekao,pko,1
pekao,pko,-1
pekao,pko,1
pekao,pko,1
pekao,pko,-1
pekao,pko,-1
pekao,pko,-1
pekao,pko,1
pekao,pko,1
pekao,pko,1
pekao,pko,1
pekao,pko,-1
pekao,pko,1
pekao,pko,-1
pekao,pko,-1
pekao,pko,1
pekao,pko,-1
pekao,pko,-1
pekao,pko,-1
pekao,pko,1
pekao,pko,1
pekao,pko,-1
pekao,pko,-1
pekao,pko,-1
pekao,pko,1
pekao,pko,-1
pekao,pko,1
pekao,pko,-1
pekao,pko,-1
pekao,pko,1
pekao,pko,-1
pekao,pko,1
pekao,pko,-1
pekao,pko,-1
pekao,pko,-1
pekao,pko,1
pekao,pko,1
pekao,pko,-1
pekao,pko,-1
pekao,pko,-1
pekao,pko,-1
pekao,pko,-1
pekao,pko,1
pekao,pko,1
pekao,pko,1
pekao,pko,1
pekao,pko,-1
pekao,pko,1
pekao,pko,1
pekao,pko,-1
pekao,pko,1
pekao,pko,1
pekao,pko,1
pekao,pko,1
pekao,pko,-1
pekao,pko,-1
pekao,pko,1
pekao,pko,-1
pekao,pko,-1
pekao,pko,-1
pekao,pko,1
pekao,pko,1
pekao,pko,1
pekao,pko,-1
pekao,pko,-1
pekao,pko,-1
pekao,pko,-1
pekao,pko,1
pekao,pko,-1
pekao,pko,-1
pekao,pko,-1
pekao,pko,-1
pekao,pko,1
pekao,pko,1
pekao,pko,-1
pekao,pko,1
pekao,pko,1
pekao,pko,1
pekao,pko,1
pekao,pko,1
pekao,pko,1
pekao,pko,1
pekao,pko,-1
pekao,pko,-1
pekao,pko,1
pekao,pko,1
pekao,pko,-1
pekao,pko,1
pekao,pko,-1
pekao,pko,-1
pekao,pko,-1
pekao,pko,1
pekao,pko,1
pekao,pko,1
pekao,pko,-1
pekao,pko,1
pekao,pko,-1
pekao,pko,1
pekao,pko,1
pekao,pko,1
pekao,pko,-1
pekao,pko,1
pekao,pko,-1
pekao,pko,-1
pekao,pko,-1
pekao,pko,1
pekao,pko,1
pekao,pko,1
pekao,pko,-1
pekao,pko,1
pekao,pko,-1
pekao,pko,-1
pekao,pko,1
pekao,pko,-1
pekao,pko,1
pekao,pko,-1
pekao,pko,1
pekao,pko,-1
pekao,pko,1
pekao,pko,1
pekao,pko,1
pekao,pko,1
pekao,pko,-1
pekao,pko,-1
pekao,pko,-1
pekao,pko,1
pekao,pko,-1
pekao,pko,1
pekao,pko,-1
pekao,pko,1
pekao,pko,-1
pekao,pko,1
pekao,pko,-1
pekao,pko,1
pekao,pko,1
pekao,pko,-1
pekao,pko,1
pekao,pko,1
pekao,pko,-1
pekao,pko,1
pekao,pko,1
pekao,pko,1
pekao,pko,-1
pekao,pko,-1
pekao,pko,-1
pekao,pko,1
pekao,pko,-1
pekao,pko,1
pekao,pko,1
pekao,pko,-1
pekao,pko,-1
pekao,pko,1
pekao,pko,1
pekao,pko,-1
pekao,pko,-1
pekao,pko,1
pekao,pko,-1
pekao,pko,-1
pekao,pko,-1
pekao,pko,-1
pekao,pko,1
pekao,pko,1
pekao,pko,-1
pekao,pko,1
pekao,pko,1
pekao,pko,1
pekao,pko,1
pekao,pko,1
pekao,pko,1
pekao,pko,-1
pekao,pko,1
pekao,pko,1
pekao,pko,1
pekao,pko,1
pekao,pko,1
pekao,pko,1
pekao,pko,1
pekao,pko,-1
pekao,pko,-1
pekao,pko,-1
pekao,pko,1
pekao,pko,-1
pekao,pko,1
pekao,pko,1
pekao,pko,1
pekao,pko,1
pekao,pko,1
pekao,pko,1
pekao,pko,-1
pekao,pko,-1
pekao,pko,1
pekao,pko,1
pekao,pko,1
pekao,pko,1
pepco,pep,0
pepco,pep,1
pepco,pep,-1
pepco,pep,1
pepco,pep,1
pepco,pep,-1
pepco,pep,-1
pepco,pep,-1
pepco,pep,1
pepco,pep,-1
pepco,pep,1
pepco,pep,1
pepco,pep,-1
pepco,pep,-1
pepco,pep,1
pepco,pep,1
pepco,pep,-1
pepco,pep,-1
pepco,pep,1
pepco,pep,-1
pepco,pep,-1
pepco,pep,-1
pepco,pep,1
pepco,pep,1
pepco,pep,0
pepco,pep,-1
pepco,pep,-1
pepco,pep,1
pepco,pep,-1
pepco,pep,-1
pepco,pep,-1
pepco,pep,1
pepco,pep,0
pepco,pep,1
pepco,pep,1
pepco,pep,-1
pepco,pep,1
pepco,pep,1
pepco,pep,-1
pepco,pep,1
pepco,pep,-1
pepco,pep,1
pepco,pep,0
pepco,pep,1
pepco,pep,-1
pepco,pep,1
pepco,pep,-1
pepco,pep,-1
pepco,pep,1
pepco,pep,1
pepco,pep,-1
pepco,pep,1
pepco,pep,-1
pepco,pep,0
pepco,pep,1
pepco,pep,-1
pepco,pep,1
pepco,pep,1
pepco,pep,1
pepco,pep,1
pepco,pep,0
pepco,pep,-1
pepco,pep,-1
pepco,pep,1
pepco,pep,-1
pepco,pep,-1
pepco,pep,-1
pepco,pep,-1
pepco,pep,0
pepco,pep,0
pepco,pep,-1
pepco,pep,1
pepco,pep,-1
pepco,pep,-1
pepco,pep,1
pepco,pep,0
pepco,pep,0
pepco,pep,0
pepco,pep,1
pepco,pep,1
pepco,pep,1
pepco,pep,-1
pepco,pep,-1
pepco,pep,-1
pepco,pep,1
pepco,pep,-1
pepco,pep,1
pepco,pep,-1
pepco,pep,-1
pepco,pep,0
pepco,pep,0
pepco,pep,-1
pepco,pep,-1
pepco,pep,-1
pepco,pep,0
pepco,pep,1
pepco,pep,-1
pepco,pep,1
pepco,pep,1
pepco,pep,0
pepco,pep,1
pepco,pep,-1
pepco,pep,-1
pepco,pep,1
pepco,pep,1
pepco,pep,-1
pepco,pep,-1
pepco,pep,-1
pepco,pep,-1
pepco,pep,-1
pepco,pep,1
pepco,pep,-1
pepco,pep,-1
pepco,pep,1
pepco,pep,-1
pepco,pep,1
pepco,pep,1
pepco,pep,1
pepco,pep,-1
pepco,pep,1
pepco,pep,-1
pepco,pep,1
pepco,pep,0
pepco,pep,1
pepco,pep,1
pepco,pep,-1
pepco,pep,-1
pepco,pep,1
pepco,pep,1
pepco,pep,1
pepco,pep,1
pepco,pep,0
pepco,pep,1
pepco,pep,-1
pepco,pep,-1
pepco,pep,-1
pepco,pep,0
pepco,pep,-1
pepco,pep,-1
pepco,pep,0
pepco,pep,1
pepco,pep,1
pepco,pep,1
pepco,pep,1
pepco,pep,-1
pepco,pep,-1
pepco,pep,1
pepco,pep,1
pepco,pep,-1
pepco,pep,1
pepco,pep,-1
pepco,pep,1
pepco,pep,1
pepco,pep,-1
pepco,pep,-1
pepco,pep,-1
pepco,pep,1
pepco,pep,-1
pepco,pep,1
pepco,pep,-1
pepco,pep,1
pepco,pep,-1
pepco,pep,-1
pepco,pep,0
pepco,pep,-1
pepco,pep,1
pepco,pep,1
pepco,pep,1
pepco,pep,1
pepco,pep,0
pepco,pep,1
pepco,pep,0
pepco,pep,-1
pepco,pep,0
pepco,pep,1
pepco,pep,1
pepco,pep,0
pepco,pep,1
pepco,pep,0
pepco,pep,1
pepco,pep,-1
pepco,pep,0
pepco,pep,1
pepco,pep,-1
pepco,pep,-1
pepco,pep,1
pepco,pep,-1
pepco,pep,0
pepco,pep,-1
pepco,pep,-1
pepco,pep,0
pepco,pep,0
pepco,pep,1
pepco,pep,-1
pepco,pep,1
pepco,pep,-1
pepco,pep,1
pepco,pep,1
pepco,pep,1
pepco,pep,-1
pepco,pep,-1
pepco,pep,1
pepco,pep,-1
pepco,pep,-1
pepco,pep,0
pepco,pep,-1
pepco,pep,0
pepco,pep,-1
pepco,pep,0
pepco,pep,1
pepco,pep,0
pepco,pep,-1
pepco,pep,-1
pepco,pep,1
pepco,pep,1
pepco,pep,0
pepco,pep,-1
pepco,pep,1
pepco,pep,0
pepco,pep,-1
pepco,pep,1
pepco,pep,-1
pepco,pep,-1
pepco,pep,1
pepco,pep,1
pepco,pep,0
pepco,pep,1
pepco,pep,0
pepco,pep,0
pepco,pep,-1
pepco,pep,-1
pepco,pep,1
pepco,pep,1
pepco,pep,-1
pepco,pep,1
pepco,pep,0
pepco,pep,0
pepco,pep,-1
pepco,pep,1
pepco,pep,-1
pepco,pep,-1
pepco,pep,-1
pepco,pep,1
pepco,pep,-1
pepco,pep,-1
pepco,pep,-1
pepco,pep,1
pepco,pep,0
pepco,pep,1
pepco,pep,0
pepco,pep,-1
pepco,pep,-1
pepco,pep,0
pepco,pep,-1
pepco,pep,1
pepco,pep,0
pepco,pep,1
pepco,pep,1
pepco,pep,1
pepco,pep,1
pepco,pep,0
pepco,pep,-1
pepco,pep,0
pepco,pep,-1
pepco,pep,-1
pepco,pep,1
pepco,pep,0
pepco,pep,0
pepco,pep,-1
pepco,pep,1
pepco,pep,1
pepco,pep,1
pepco,pep,-1
pepco,pep,1
pepco,pep,1
pepco,pep,1
pepco,pep,0
pepco,pep,0
pepco,pep,-1
pepco,pep,-1
pepco,pep,1
pepco,pep,0
pepco,pep,0
pepco,pep,-1
pepco,pep,1
pepco,pep,-1
pepco,pep,1
pepco,pep,-1
pepco,pep,0
pepco,pep,-1
pepco,pep,1
pepco,pep,1
pepco,pep,0
pepco,pep,-1
pepco,pep,1
pepco,pep,1
pepco,pep,1
pepco,pep,-1
pepco,pep,1
pepco,pep,0
pepco,pep,1
pepco,pep,-1
pepco,pep,0
pepco,pep,-1
pepco,pep,-1
pepco,pep,1
pepco,pep,1
pepco,pep,1
pepco,pep,-1
pepco,pep,1
pepco,pep,-1
pepco,pep,1
pepco,pep,1
pepco,pep,-1
pepco,pep,-1
pepco,pep,0
pepco,pep,0
pepco,pep,1
pepco,pep,1
pepco,pep,1
pepco,pep,0
pepco,pep,1
pepco,pep,-1
pepco,pep,1
pepco,pep,-1
pepco,pep,1
pepco,pep,-1
pepco,pep,1
pepco,pep,0
pepco,pep,0
pepco,pep,0
pepco,pep,-1
pepco,pep,-1
pepco,pep,-1
pepco,pep,-1
pepco,pep,1
pepco,pep,0
pepco,pep,0
pepco,pep,1
pepco,pep,1
pepco,pep,0
pepco,pep,-1
pepco,pep,-1
pepco,pep,-1
pepco,pep,1
pepco,pep,-1
pepco,pep,1
pepco,pep,1
pepco,pep,0
pepco,pep,1
pepco,pep,-1
pepco,pep,-1
pepco,pep,-1
pepco,pep,1
pepco,pep,1
pepco,pep,1
pepco,pep,1
pepco,pep,-1
pepco,pep,-1
pepco,pep,-1
pepco,pep,1
pepco,pep,0
pepco,pep,1
pepco,pep,0
pepco,pep,1
pepco,pep,0
pepco,pep,-1
pepco,pep,1
pepco,pep,0
pepco,pep,1
pepco,pep,1
pepco,pep,1
pepco,pep,-1
pepco,pep,0
pepco,pep,1
pepco,pep,0
pepco,pep,1
pepco,pep,-1
pepco,pep,1
pepco,pep,-1
pepco,pep,-1
pepco,pep,1
pepco,pep,1
pepco,pep,1
pepco,pep,-1
pepco,pep,1
pge,pge,-1
pge,pge,-1
pge,pge,1
pge,pge,-1
pge,pge,1
pge,pge,-1
pge,pge,1
pge,pge,1
pge,pge,1
pge,pge,1
pge,pge,-1
pge,pge,-1
pge,pge,1
pge,pge,1
pge,pge,1
pge,pge,-1
pge,pge,-1
pge,pge,1
pge,pge,1
pge,pge,-1
pge,pge,-1
pge,pge,1
pge,pge,-1
pge,pge,1
pge,pge,-1
pge,pge,-1
pge,pge,-1
pge,pge,1
pge,pge,-1
pge,pge,-1
pge,pge,1
pge,pge,1
pge,pge,1
pge,pge,1
pge,pge,1
pge,pge,1
pge,pge,-1
pge,pge,-1
pge,pge,-1
pge,pge,1
pge,pge,-1
pge,pge,-1
pge,pge,1
pge,pge,-1
pge,pge,-1
pge,pge,1
pge,pge,-1
pge,pge,1
pge,pge,1
pge,pge,-1
pge,pge,1
pge,pge,-1
pge,pge,-1
pge,pge,1
pge,pge,1
pge,pge,1
pge,pge,-1
pge,pge,1
pge,pge,1
pge,pge,1
pge,pge,1
pge,pge,1
pge,pge,-1
pge,pge,-1
pge,pge,1
pge,pge,1
pge,pge,-1
pge,pge,-1
pge,pge,-1
pge,pge,-1
pge,pge,-1
pge,pge,1
pge,pge,-1
pge,pge,1
pge,pge,1
pge,pge,-1
pge,pge,-1
pge,pge,-1
pge,pge,-1
pge,pge,1
pge,pge,1
pge,pge,1
pge,pge,1
pge,pge,-1
pge,pge,-1
pge,pge,-1
pge,pge,-1
pge,pge,-1
pge,pge,-1
pge,pge,-1
pge,pge,1
pge,pge,1
pge,pge,-1
pge,pge,1
pge,pge,-1
pge,pge,1
pge,pge,1
pge,pge,1
pge,pge,1
pge,pge,1
pge,pge,-1
pge,pge,1
pge,pge,1
pge,pge,-1
pge,pge,1
pge,pge,-1
pge,pge,1
pge,pge,1
pge,pge,-1
pge,pge,-1
pge,pge,1
pge,pge,-1
pge,pge,1
pge,pge,1
pge,pge,1
pge,pge,-1
pge,pge,1
pge,pge,1
pge,pge,1
pge,pge,1
pge,pge,-1
pge,pge,1
pge,pge,1
pge,pge,-1
pge,pge,1
pge,pge,1
pge,pge,1
pge,pge,-1
pge,pge,-1
pge,pge,1
pge,pge,-1
pge,pge,1
pge,pge,-1
pge,pge,-1
pge,pge,-1
pge,pge,-1
pge,pge,1
pge,pge,-1
pge,pge,-1
pge,pge,1
pge,pge,1
pge,pge,1
pge,pge,1
pge,pge,-1
pge,pge,1
pge,pge,1
pge,pge,-1
pge,pge,1
pge,pge,-1
pge,pge,-1
pge,pge,1
pge,pge,1
pge,pge,1
pge,pge,1
pge,pge,1
pge,pge,-1
pge,pge,-1
pge,pge,1
pge,pge,-1
pge,pge,1
pge,pge,-1
pge,pge,1
pge,pge,1
pge,pge,-1
pge,pge,-1
pge,pge,-1
pge,pge,1
pge,pge,-1
pge,pge,-1
pge,pge,-1
pge,pge,1
pge,pge,1
pge,pge,-1
pge,pge,-1
pge,pge,1
pge,pge,-1
pge,pge,1
pge,pge,-1
pge,pge,-1
pge,pge,-1
pge,pge,1
pge,pge,1
pge,pge,-1
pge,pge,1
pge,pge,1
pge,pge,1
pge,pge,0
pge,pge,1
pge,pge,1
pge,pge,-1
pge,pge,-1
pge,pge,1
pge,pge,-1
pge,pge,-1
pge,pge,1
pge,pge,-1
pge,pge,-1
pge,pge,-1
pge,pge,1
pge,pge,-1
pge,pge,1
pge,pge,1
pge,pge,1
pge,pge,1
pge,pge,1
pge,pge,1
pge,pge,-1
pge,pge,1
pge,pge,-1
pge,pge,-1
pge,pge,-1
pge,pge,0
pge,pge,-1
pge,pge,-1
pge,pge,1
pge,pge,-1
pge,pge,-1
pge,pge,1
pge,pge,1
pge,pge,1
pge,pge,-1
pge,pge,-1
pge,pge,1
pge,pge,-1
pge,pge,1
pge,pge,1
pge,pge,1
pge,pge,1
pge,pge,-1
pge,pge,-1
pge,pge,-1
pge,pge,-1
pge,pge,1
pge,pge,-1
pge,pge,-1
pge,pge,1
pge,pge,1
pge,pge,-1
pge,pge,1
pge,pge,1
pge,pge,1
pge,pge,-1
pge,pge,1
pge,pge,-1
pge,pge,1
pge,pge,-1
pge,pge,1
pge,pge,1
pge,pge,1
pge,pge,1
pge,pge,1
pge,pge,-1
pge,pge,1
pge,pge,1
pge,pge,1
pge,pge,1
pge,pge,1
pge,pge,-1
pge,pge,1
pge,pge,1
pge,pge,1
pge,pge,-1
pge,pge,1
pge,pge,-1
pge,pge,1
pge,pge,1
pge,pge,-1
pge,pge,1
pge,pge,-1
pge,pge,-1
pge,pge,-1
pge,pge,1
pge,pge,1
pge,pge,1
pge,pge,1
pge,pge,-1
pge,pge,1
pge,pge,1
pge,pge,-1
pge,pge,-1
pge,pge,1
pge,pge,-1
pge,pge,-1
pge,pge,1
pge,pge,1
pge,pge,1
pge,pge,1
pge,pge,1
pge,pge,1
pge,pge,-1
pge,pge,1
pge,pge,1
pge,pge,1
pge,pge,1
pge,pge,-1
pge,pge,-1
pge,pge,-1
pge,pge,-1
pge,pge,1
pge,pge,-1
pge,pge,1
pge,pge,1
pge,pge,1
pge,pge,1
pge,pge,1
pge,pge,1
pge,pge,1
pge,pge,-1
pge,pge,1
pge,pge,-1
pge,pge,1
pge,pge,1
pge,pge,-1
pge,pge,-1
pge,pge,-1
pge,pge,-1
pge,pge,-1
pge,pge,-1
pge,pge,-1
pge,pge,-1
pge,pge,-1
pge,pge,-1
pge,pge,-1
pge,pge,1
pge,pge,1
pge,pge,-1
pge,pge,-1
pge,pge,-1
pge,pge,1
pge,pge,1
pge,pge,-1
pge,pge,-1
pge,pge,1
pge,pge,1
pge,pge,1
pge,pge,1
pge,pge,1
pge,pge,1
pge,pge,-1
pge,pge,1
pge,pge,-1
pge,pge,1
pge,pge,1
pge,pge,1
pge,pge,1
pge,pge,-1
pge,pge,-1
pge,pge,-1
pge,pge,-1
pge,pge,-1
pge,pge,1
pge,pge,1
pge,pge,-1
pge,pge,-1
pge,pge,-1
pge,pge,1
pge,pge,1
pge,pge,1
pge,pge,1
pge,pge,1
pge,pge,1
pge,pge,-1
pge,pge,1
pge,pge,-1
pge,pge,-1
pge,pge,-1
pge,pge,1
pge,pge,-1
pge,pge,-1
pge,pge,-1
pge,pge,-1
pge,pge,-1
pge,pge,1
pge,pge,1
pge,pge,-1
pge,pge,1
pge,pge,-1
pge,pge,1
pge,pge,-1
pge,pge,1
pge,pge,-1
pge,pge,1
pge,pge,-1
pge,pge,1
pge,pge,1
pge,pge,1
pge,pge,1
pge,pge,1
pge,pge,1
pge,pge,1
pge,pge,-1
pge,pge,1
pge,pge,-1
pge,pge,-1
pge,pge,1
pge,pge,1
pge,pge,-1
pge,pge,1
pge,pge,-1
pge,pge,1
pge,pge,-1
pge,pge,1
pge,pge,-1
pge,pge,-1
pge,pge,-1
pge,pge,1
pge,pge,-1
pge,pge,-1
pge,pge,1
pge,pge,1
pge,pge,1
pge,pge,-1
pge,pge,-1
pge,pge,1
pge,pge,1
pge,pge,-1
pge,pge,-1
pge,pge,1
pge,pge,-1
pkn,pkn,1
pkn,pkn,-1
pkn,pkn,1
pkn,pkn,-1
pkn,pkn,1
pkn,pkn,-1
pkn,pkn,1
pkn,pkn,-1
pkn,pkn,1
pkn,pkn,1
pkn,pkn,-1
pkn,pkn,-1
pkn,pkn,-1
pkn,pkn,-1
pkn,pkn,1
pkn,pkn,-1
pkn,pkn,-1
pkn,pkn,1
pkn,pkn,1
pkn,pkn,-1
pkn,pkn,1
pkn,pkn,1
pkn,pkn,1
pkn,pkn,1
pkn,pkn,-1
pkn,pkn,1
pkn,pkn,-1
pkn,pkn,1
pkn,pkn,1
pkn,pkn,1
pkn,pkn,1
pkn,pkn,1
pkn,pkn,1
pkn,pkn,1
pkn,pkn,1
pkn,pkn,1
pkn,pkn,-1
pkn,pkn,-1
pkn,pkn,1
pkn,pkn,-1
pkn,pkn,1
pkn,pkn,-1
pkn,pkn,1
pkn,pkn,-1
pkn,pkn,1
pkn,pkn,1
pkn,pkn,1
pkn,pkn,-1
pkn,pkn,-1
pkn,pkn,-1
pkn,pkn,-1
pkn,pkn,1
pkn,pkn,-1
pkn,pkn,1
pkn,pkn,1
pkn,pkn,-1
pkn,pkn,-1
pkn,pkn,1
pkn,pkn,1
pkn,pkn,-1
pkn,pkn,1
pkn,pkn,-1
pkn,pkn,-1
pkn,pkn,1
pkn,pkn,1
pkn,pkn,1
pkn,pkn,-1
pkn,pkn,1
pkn,pkn,-1
pkn,pkn,-1
pkn,pkn,1
pkn,pkn,-1
pkn,pkn,-1
pkn,pkn,1
pkn,pkn,-1
pkn,pkn,-1
pkn,pkn,1
pkn,pkn,-1
pkn,pkn,-1
pkn,pkn,1
pkn,pkn,-1
pkn,pkn,1
pkn,pkn,-1
pkn,pkn,1
pkn,pkn,1
pkn,pkn,1
pkn,pkn,1
pkn,pkn,-1
pkn,pkn,1
pkn,pkn,1
pkn,pkn,1
pkn,pkn,-1
pkn,pkn,-1
pkn,pkn,-1
pkn,pkn,1
pkn,pkn,-1
pkn,pkn,-1
pkn,pkn,1
pkn,pkn,1
pkn,pkn,1
pkn,pkn,1
pkn,pkn,1
pkn,pkn,1
pkn,pkn,1
pkn,pkn,-1
pkn,pkn,-1
pkn,pkn,1
pkn,pkn,1
pkn,pkn,-1
pkn,pkn,-1
pkn,pkn,1
pkn,pkn,-1
pkn,pkn,-1
pkn,pkn,1
pkn,pkn,-1
pkn,pkn,-1
pkn,pkn,1
pkn,pkn,-1
pkn,pkn,1
pkn,pkn,1
pkn,pkn,1
pkn,pkn,-1
pkn,pkn,-1
pkn,pkn,-1
pkn,pkn,1
pkn,pkn,1
pkn,pkn,1
pkn,pkn,1
pkn,pkn,1
pkn,pkn,-1
pkn,pkn,-1
pkn,pkn,-1
pkn,pkn,1
pkn,pkn,-1
pkn,pkn,1
pkn,pkn,-1
pkn,pkn,1
pkn,pkn,1
pkn,pkn,-1
pkn,pkn,1
pkn,pkn,-1
pkn,pkn,1
pkn,pkn,-1
pkn,pkn,-1
pkn,pkn,1
pkn,pkn,1
pkn,pkn,1
pkn,pkn,1
pkn,pkn,-1
pkn,pkn,1
pkn,pkn,1
pkn,pkn,1
pkn,pkn,1
pkn,pkn,-1
pkn,pkn,1
pkn,pkn,-1
pkn,pkn,-1
pkn,pkn,1
pkn,pkn,1
pkn,pkn,1
pkn,pkn,-1
pkn,pkn,1
pkn,pkn,-1
pkn,pkn,-1
pkn,pkn,-1
pkn,pkn,-1
pkn,pkn,-1
pkn,pkn,-1
pkn,pkn,-1
pkn,pkn,1
pkn,pkn,-1
pkn,pkn,-1
pkn,pkn,-1
pkn,pkn,-1
pkn,pkn,1
pkn,pkn,1
pkn,pkn,1
pkn,pkn,-1
pkn,pkn,-1
pkn,pkn,1
pkn,pkn,1
pkn,pkn,1
pkn,pkn,-1
pkn,pkn,1
pkn,pkn,1
pkn,pkn,-1
pkn,pkn,1
pkn,pkn,-1
pkn,pkn,-1
pkn,pkn,1
pkn,pkn,1
pkn,pkn,1
pkn,pkn,-1
pkn,pkn,-1
pkn,pkn,-1
pkn,pkn,1
pkn,pkn,1
pkn,pkn,-1
pkn,pkn,1
pkn,pkn,1
pkn,pkn,-1
pkn,pkn,1
pkn,pkn,-1
pkn,pkn,1
pkn,pkn,1
pkn,pkn,-1
pkn,pkn,1
pkn,pkn,1
pkn,pkn,-1
pkn,pkn,-1
pkn,pkn,-1
pkn,pkn,-1
pkn,pkn,1
pkn,pkn,-1
pkn,pkn,-1
pkn,pkn,1
pkn,pkn,-1
pkn,pkn,1
pkn,pkn,1
pkn,pkn,-1
pkn,pkn,1
pkn,pkn,-1
pkn,pkn,-1
pkn,pkn,-1
pkn,pkn,1
pkn,pkn,1
pkn,pkn,-1
pkn,pkn,1
pkn,pkn,-1
pkn,pkn,-1
pkn,pkn,-1
pkn,pkn,1
pkn,pkn,-1
pkn,pkn,-1
pkn,pkn,-1
pkn,pkn,-1
pkn,pkn,1
pkn,pkn,1
pkn,pkn,1
pkn,pkn,-1
pkn,pkn,-1
pkn,pkn,-1
pkn,pkn,-1
pkn,pkn,1
pkn,pkn,1
pkn,pkn,1
pkn,pkn,1
pkn,pkn,-1
pkn,pkn,-1
pkn,pkn,1
pkn,pkn,1
pkn,pkn,-1
pkn,pkn,-1
pkn,pkn,-1
pkn,pkn,1
pkn,pkn,-1
pkn,pkn,1
pkn,pkn,-1
pkn,pkn,1
pkn,pkn,1
pkn,pkn,1
pkn,pkn,1
pkn,pkn,-1
pkn,pkn,1
pkn,pkn,-1
pkn,pkn,-1
pkn,pkn,1
pkn,pkn,-1
pkn,pkn,-1
pkn,pkn,1
pkn,pkn,0
pkn,pkn,-1
pkn,pkn,1
pkn,pkn,-1
pkn,pkn,-1
pkn,pkn,-1
pkn,pkn,-1
pkn,pkn,1
pkn,pkn,1
pkn,pkn,-1
pkn,pkn,-1
pkn,pkn,1
pkn,pkn,1
pkn,pkn,1
pkn,pkn,-1
pkn,pkn,-1
pkn,pkn,-1
pkn,pkn,-1
pkn,pkn,1
pkn,pkn,1
pkn,pkn,-1
pkn,pkn,1
pkn,pkn,1
pkn,pkn,-1
pkn,pkn,-1
pkn,pkn,-1
pkn,pkn,1
pkn,pkn,-1
pkn,pkn,1
pkn,pkn,-1
pkn,pkn,1
pkn,pkn,1
pkn,pkn,-1
pkn,pkn,-1
pkn,pkn,-1
pkn,pkn,1
pkn,pkn,1
pkn,pkn,-1
pkn,pkn,1
pkn,pkn,1
pkn,pkn,-1
pkn,pkn,1
pkn,pkn,-1
pkn,pkn,-1
pkn,pkn,1
pkn,pkn,1
pkn,pkn,1
pkn,pkn,1
pkn,pkn,-1
pkn,pkn,1
pkn,pkn,1
pkn,pkn,1
pkn,pkn,-1
pkn,pkn,1
pkn,pkn,0
pkn,pkn,-1
pkn,pkn,1
pkn,pkn,1
pkn,pkn,1
pkn,pkn,-1
pkn,pkn,-1
pkn,pkn,-1
pkn,pkn,1
pkn,pkn,1
pkn,pkn,1
pkn,pkn,-1
pkn,pkn,1
pkn,pkn,-1
pkn,pkn,-1
pkn,pkn,1
pkn,pkn,1
pkn,pkn,1
pkn,pkn,1
pkn,pkn,-1
pkn,pkn,-1
pkn,pkn,-1
pkn,pkn,1
pkn,pkn,-1
pkn,pkn,-1
pkn,pkn,-1
pkn,pkn,-1
pkn,pkn,1
pkn,pkn,-1
pkn,pkn,1
pkn,pkn,1
pkn,pkn,1
pkn,pkn,1
pkn,pkn,1
pkn,pkn,1
pkn,pkn,1
pkn,pkn,-1
pkn,pkn,-1
pkn,pkn,1
pkn,pkn,-1
pkn,pkn,1
pkn,pkn,1
pkn,pkn,-1
pkn,pkn,1
pkn,pkn,1
pkn,pkn,1
pkn,pkn,1
pkn,pkn,-1
pkn,pkn,1
pkn,pkn,1
pkn,pkn,-1
pkn,pkn,1
pkn,pkn,-1
pkn,pkn,1
pkn,pkn,-1
pkn,pkn,-1
pkn,pkn,1
pkn,pkn,-1
pkn,pkn,1
pkn,pkn,-1
pkn,pkn,-1
pkn,pkn,-1
pkn,pkn,-1
pkn,pkn,-1
pkn,pkn,1
pkn,pkn,1
pkn,pkn,-1
pkn,pkn,-1
pkn,pkn,1
pkn,pkn,-1
pkn,pkn,-1
pkn,pkn,-1
pkn,pkn,-1
pkn,pkn,1
pkn,pkn,-1
pkn,pkn,1
pkn,pkn,1
pkn,pkn,-1
pkn,pkn,1
pkn,pkn,-1
pkn,pkn,-1
pkn,pkn,1
pkn,pkn,-1
pkn,pkn,1
pkn,pkn,1
pkn,pkn,1
pkn,pkn,1
pkn,pkn,-1
pkn,pkn,-1
pkn,pkn,1
pkn,pkn,-1
pkn,pkn,-1
pkn,pkn,-1
pkn,pkn,1
pkn,pkn,-1
pko,pko,1
pko,pko,-1
pko,pko,1
pko,pko,1
pko,pko,1
pko,pko,1
pko,pko,1
pko,pko,1
pko,pko,-1
pko,pko,-1
pko,pko,1
pko,pko,-1
pko,pko,-1
pko,pko,-1
pko,pko,-1
pko,pko,-1
pko,pko,-1
pko,pko,-1
pko,pko,-1
pko,pko,-1
pko,pko,-1
pko,pko,-1
pko,pko,1
pko,pko,-1
pko,pko,-1
pko,pko,1
pko,pko,-1
pko,pko,1
pko,pko,-1
pko,pko,1
pko,pko,1
pko,pko,1
pko,pko,1
pko,pko,1
pko,pko,1
pko,pko,-1
pko,pko,1
pko,pko,-1
pko,pko,-1
pko,pko,-1
pko,pko,-1
pko,pko,-1
pko,pko,1
pko,pko,-1
pko,pko,1
pko,pko,-1
pko,pko,-1
pko,pko,-1
pko,pko,-1
pko,pko,-1
pko,pko,-1
pko,pko,-1
pko,pko,-1
pko,pko,1
pko,pko,1
pko,pko,1
pko,pko,-1
pko,pko,1
pko,pko,-1
pko,pko,1
pko,pko,1
pko,pko,-1
pko,pko,-1
pko,pko,1
pko,pko,1
pko,pko,-1
pko,pko,1
pko,pko,-1
pko,pko,-1
pko,pko,1
pko,pko,-1
pko,pko,1
pko,pko,1
pko,pko,-1
pko,pko,1
pko,pko,-1
pko,pko,-1
pko,pko,-1
pko,pko,-1
pko,pko,-1
pko,pko,-1
pko,pko,1
pko,pko,-1
pko,pko,1
pko,pko,-1
pko,pko,1
pko,pko,0
pko,pko,-1
pko,pko,-1
pko,pko,1
pko,pko,1
pko,pko,1
pko,pko,-1
pko,pko,1
pko,pko,-1
pko,pko,1
pko,pko,-1
pko,pko,-1
pko,pko,1
pko,pko,1
pko,pko,-1
pko,pko,1
pko,pko,1
pko,pko,1
pko,pko,-1
pko,pko,1
pko,pko,-1
pko,pko,1
pko,pko,-1
pko,pko,-1
pko,pko,1
pko,pko,1
pko,pko,1
pko,pko,1
pko,pko,-1
pko,pko,-1
pko,pko,-1
pko,pko,1
pko,pko,1
pko,pko,1
pko,pko,1
pko,pko,-1
pko,pko,-1
pko,pko,-1
pko,pko,-1
pko,pko,-1
pko,pko,1
pko,pko,-1
pko,pko,-1
pko,pko,1
pko,pko,-1
pko,pko,1
pko,pko,-1
pko,pko,-1
pko,pko,-1
pko,pko,1
pko,pko,-1
pko,pko,-1
pko,pko,-1
pko,pko,-1
pko,pko,1
pko,pko,1
pko,pko,1
pko,pko,-1
pko,pko,1
pko,pko,1
pko,pko,-1
pko,pko,1
pko,pko,-1
pko,pko,1
pko,pko,-1
pko,pko,-1
pko,pko,1
pko,pko,1
pko,pko,1
pko,pko,-1
pko,pko,-1
pko,pko,1
pko,pko,1
pko,pko,1
pko,pko,-1
pko,pko,1
pko,pko,-1
pko,pko,1
pko,pko,1
pko,pko,1
pko,pko,1
pko,pko,-1
pko,pko,1
pko,pko,-1
pko,pko,1
pko,pko,-1
pko,pko,-1
pko,pko,-1
pko,pko,1
pko,pko,1
pko,pko,-1
pko,pko,-1
pko,pko,-1
pko,pko,1
pko,pko,1
pko,pko,1
pko,pko,1
pko,pko,-1
pko,pko,-1
pko,pko,-1
pko,pko,-1
pko,pko,-1
pko,pko,1
pko,pko,-1
pko,pko,-1
pko,pko,1
pko,pko,1
pko,pko,-1
pko,pko,1
pko,pko,1
pko,pko,1
pko,pko,-1
pko,pko,1
pko,pko,-1
pko,pko,-1
pko,pko,1
pko,pko,-1
pko,pko,1
pko,pko,1
pko,pko,1
pko,pko,-1
pko,pko,-1
pko,pko,-1
pko,pko,-1
pko,pko,-1
pko,pko,-1
pko,pko,1
pko,pko,-1
pko,pko,-1
pko,pko,-1
pko,pko,-1
pko,pko,1
pko,pko,1
pko,pko,1
pko,pko,1
pko,pko,-1
pko,pko,1
pko,pko,-1
pko,pko,1
pko,pko,1
pko,pko,-1
pko,pko,1
pko,pko,1
pko,pko,-1
pko,pko,-1
pko,pko,-1
pko,pko,1
pko,pko,1
pko,pko,1
pko,pko,1
pko,pko,-1
pko,pko,1
pko,pko,-1
pko,pko,-1
pko,pko,1
pko,pko,-1
pko,pko,-1
pko,pko,-1
pko,pko,1
pko,pko,1
pko,pko,-1
pko,pko,-1
pko,pko,-1
pko,pko,1
pko,pko,-1
pko,pko,1
pko,pko,-1
pko,pko,-1
pko,pko,1
pko,pko,-1
pko,pko,1
pko,pko,-1
pko,pko,-1
pko,pko,-1
pko,pko,1
pko,pko,1
pko,pko,-1
pko,pko,-1
pko,pko,-1
pko,pko,-1
pko,pko,-1
pko,pko,1
pko,pko,1
pko,pko,1
pko,pko,1
pko,pko,-1
pko,pko,1
pko,pko,1
pko,pko,-1
pko,pko,1
pko,pko,1
pko,pko,1
pko,pko,1
pko,pko,-1
pko,pko,-1
pko,pko,1
pko,pko,-1
pko,pko,-1
pko,pko,-1
pko,pko,1
pko,pko,1
pko,pko,1
pko,pko,-1
pko,pko,-1
pko,pko,-1
pko,pko,-1
pko,pko,1
pko,pko,-1
pko,pko,-1
pko,pko,-1
pko,pko,-1
pko,pko,1
pko,pko,1
pko,pko,-1
pko,pko,1
pko,pko,1
pko,pko,1
pko,pko,1
pko,pko,1
pko,pko,1
pko,pko,1
pko,pko,-1
pko,pko,-1
pko,pko,1
pko,pko,1
pko,pko,-1
pko,pko,1
pko,pko,-1
pko,pko,-1
pko,pko,-1
pko,pko,1
pko,pko,1
pko,pko,1
pko,pko,-1
pko,pko,1
pko,pko,-1
pko,pko,1
pko,pko,1
pko,pko,1
pko,pko,-1
pko,pko,1
pko,pko,-1
pko,pko,-1
pko,pko,-1
pko,pko,1
pko,pko,1
pko,pko,1
pko,pko,-1
pko,pko,1
pko,pko,-1
pko,pko,-1
pko,pko,1
pko,pko,-1
pko,pko,1
pko,pko,-1
pko,pko,1
pko,pko,-1
pko,pko,1
pko,pko,1
pko,pko,1
pko,pko,1
pko,pko,-1
pko,pko,-1
pko,pko,-1
pko,pko,1
pko,pko,-1
pko,pko,1
pko,pko,-1
pko,pko,1
pko,pko,-1
pko,pko,1
pko,pko,-1
pko,pko,1
pko,pko,1
pko,pko,-1
pko,pko,1
pko,pko,1
pko,pko,-1
pko,pko,1
pko,pko,1
pko,pko,1
pko,pko,-1
pko,pko,-1
pko,pko,-1
pko,pko,1
pko,pko,-1
pko,pko,1
pko,pko,1
pko,pko,-1
pko,pko,-1
pko,pko,1
pko,pko,1
pko,pko,-1
pko,pko,-1
pko,pko,1
pko,pko,-1
pko,pko,-1
pko,pko,-1
pko,pko,-1
pko,pko,1
pko,pko,1
pko,pko,-1
pko,pko,1
pko,pko,1
pko,pko,1
pko,pko,1
pko,pko,1
pko,pko,1
pko,pko,-1
pko,pko,1
pko,pko,1
pko,pko,1
pko,pko,1
pko,pko,1
pko,pko,1
pko,pko,1
pko,pko,-1
pko,pko,-1
pko,pko,-1
pko,pko,1
pko,pko,-1
pko,pko,1
pko,pko,1
pko,pko,1
pko,pko,1
pko,pko,1
pko,pko,1
pko,pko,-1
pko,pko,-1
pko,pko,1
pko,pko,1
pko,pko,1
pko,pko,1
pzu,pzu,-1
pzu,pzu,-1
pzu,pzu,1
pzu,pzu,1
pzu,pzu,-1
pzu,pzu,1
pzu,pzu,1
pzu,pzu,-1
pzu,pzu,1
pzu,pzu,1
pzu,pzu,1
pzu,pzu,-1
pzu,pzu,-1
pzu,pzu,-1
pzu,pzu,1
pzu,pzu,1
pzu,pzu,1
pzu,pzu,-1
pzu,pzu,1
pzu,pzu,1
pzu,pzu,1
pzu,pzu,1
pzu,pzu,-1
pzu,pzu,1
pzu,pzu,1
pzu,pzu,1
pzu,pzu,1
pzu,pzu,-1
pzu,pzu,1
pzu,pzu,-1
pzu,pzu,1
pzu,pzu,-1
pzu,pzu,1
pzu,pzu,1
pzu,pzu,-1
pzu,pzu,1
pzu,pzu,1
pzu,pzu,1
pzu,pzu,-1
pzu,pzu,1
pzu,pzu,1
pzu,pzu,1
pzu,pzu,1
pzu,pzu,-1
pzu,pzu,-1
pzu,pzu,1
pzu,pzu,1
pzu,pzu,-1
pzu,pzu,-1
pzu,pzu,-1
pzu,pzu,-1
pzu,pzu,-1
pzu,pzu,-1
pzu,pzu,1
pzu,pzu,1
pzu,pzu,1
pzu,pzu,1
pzu,pzu,1
pzu,pzu,-1
pzu,pzu,1
pzu,pzu,-1
pzu,pzu,1
pzu,pzu,1
pzu,pzu,-1
pzu,pzu,1
pzu,pzu,-1
pzu,pzu,1
pzu,pzu,-1
pzu,pzu,-1
pzu,pzu,-1
pzu,pzu,1
pzu,pzu,-1
pzu,pzu,1
pzu,pzu,1
pzu,pzu,-1
pzu,pzu,-1
pzu,pzu,-1
pzu,pzu,-1
pzu,pzu,-1
pzu,pzu,1
pzu,pzu,1
pzu,pzu,-1
pzu,pzu,-1
pzu,pzu,1
pzu,pzu,-1
pzu,pzu,1
pzu,pzu,1
pzu,pzu,1
pzu,pzu,-1
pzu,pzu,-1
pzu,pzu,1
pzu,pzu,-1
pzu,pzu,-1
pzu,pzu,1
pzu,pzu,-1
pzu,pzu,1
pzu,pzu,-1
pzu,pzu,1
pzu,pzu,1
pzu,pzu,1
pzu,pzu,1
pzu,pzu,1
pzu,pzu,1
pzu,pzu,-1
pzu,pzu,-1
pzu,pzu,-1
pzu,pzu,1
pzu,pzu,1
pzu,pzu,1
pzu,pzu,-1
pzu,pzu,-1
pzu,pzu,1
pzu,pzu,1
pzu,pzu,-1
pzu,pzu,-1
pzu,pzu,1
pzu,pzu,1
pzu,pzu,-1
pzu,pzu,-1
pzu,pzu,1
pzu,pzu,1
pzu,pzu,1
pzu,pzu,-1
pzu,pzu,-1
pzu,pzu,-1
pzu,pzu,1
pzu,pzu,1
pzu,pzu,-1
pzu,pzu,1
pzu,pzu,-1
pzu,pzu,-1
pzu,pzu,-1
pzu,pzu,1
pzu,pzu,1
pzu,pzu,1
pzu,pzu,1
pzu,pzu,-1
pzu,pzu,1
pzu,pzu,-1
pzu,pzu,-1
pzu,pzu,1
pzu,pzu,-1
pzu,pzu,-1
pzu,pzu,-1
pzu,pzu,1
pzu,pzu,1
pzu,pzu,-1
pzu,pzu,1
pzu,pzu,1
pzu,pzu,1
pzu,pzu,1
pzu,pzu,-1
pzu,pzu,1
pzu,pzu,-1
pzu,pzu,1
pzu,pzu,-1
pzu,pzu,1
pzu,pzu,-1
pzu,pzu,-1
pzu,pzu,1
pzu,pzu,1
pzu,pzu,1
pzu,pzu,-1
pzu,pzu,-1
pzu,pzu,1
pzu,pzu,-1
pzu,pzu,1
pzu,pzu,1
pzu,pzu,-1
pzu,pzu,1
pzu,pzu,1
pzu,pzu,1
pzu,pzu,1
pzu,pzu,-1
pzu,pzu,1
pzu,pzu,1
pzu,pzu,1
pzu,pzu,1
pzu,pzu,-1
pzu,pzu,1
pzu,pzu,1
pzu,pzu,1
pzu,pzu,1
pzu,pzu,1
pzu,pzu,-1
pzu,pzu,-1
pzu,pzu,1
pzu,pzu,1
pzu,pzu,1
pzu,pzu,1
pzu,pzu,-1
pzu,pzu,1
pzu,pzu,-1
pzu,pzu,1
pzu,pzu,1
pzu,pzu,1
pzu,pzu,-1
pzu,pzu,1
pzu,pzu,1
pzu,pzu,1
pzu,pzu,-1
pzu,pzu,-1
pzu,pzu,1
pzu,pzu,1
pzu,pzu,1
pzu,pzu,1
pzu,pzu,1
pzu,pzu,-1
pzu,pzu,-1
pzu,pzu,1
pzu,pzu,-1
pzu,pzu,-1
pzu,pzu,1
pzu,pzu,-1
pzu,pzu,-1
pzu,pzu,1
pzu,pzu,-1
pzu,pzu,1
pzu,pzu,-1
pzu,pzu,1
pzu,pzu,1
pzu,pzu,1
pzu,pzu,1
pzu,pzu,1
pzu,pzu,1
pzu,pzu,1
pzu,pzu,-1
pzu,pzu,1
pzu,pzu,-1
pzu,pzu,1
pzu,pzu,-1
pzu,pzu,-1
pzu,pzu,1
pzu,pzu,-1
pzu,pzu,1
pzu,pzu,1
pzu,pzu,-1
pzu,pzu,1
pzu,pzu,1
pzu,pzu,-1
pzu,pzu,1
pzu,pzu,-1
pzu,pzu,-1
pzu,pzu,-1
pzu,pzu,1
pzu,pzu,1
pzu,pzu,-1
pzu,pzu,1
pzu,pzu,1
pzu,pzu,-1
pzu,pzu,1
pzu,pzu,-1
pzu,pzu,1
pzu,pzu,1
pzu,pzu,1
pzu,pzu,-1
pzu,pzu,1
pzu,pzu,1
pzu,pzu,1
pzu,pzu,1
pzu,pzu,1
pzu,pzu,1
pzu,pzu,1
pzu,pzu,1
pzu,pzu,1
pzu,pzu,1
pzu,pzu,-1
pzu,pzu,-1
pzu,pzu,-1
pzu,pzu,1
pzu,pzu,1
pzu,pzu,-1
pzu,pzu,-1
pzu,pzu,1
pzu,pzu,1
pzu,pzu,-1
pzu,pzu,1
pzu,pzu,1
pzu,pzu,-1
pzu,pzu,1
pzu,pzu,1
pzu,pzu,1
pzu,pzu,1
pzu,pzu,1
pzu,pzu,1
pzu,pzu,1
pzu,pzu,1
pzu,pzu,-1
pzu,pzu,1
pzu,pzu,1
pzu,pzu,-1
pzu,pzu,-1
pzu,pzu,1
pzu,pzu,-1
pzu,pzu,-1
pzu,pzu,-1
pzu,pzu,1
pzu,pzu,-1
pzu,pzu,1
pzu,pzu,1
pzu,pzu,1
pzu,pzu,1
pzu,pzu,1
pzu,pzu,1
pzu,pzu,-1
pzu,pzu,1
pzu,pzu,-1
pzu,pzu,1
pzu,pzu,-1
pzu,pzu,1
pzu,pzu,1
pzu,pzu,-1
pzu,pzu,-1
pzu,pzu,1
pzu,pzu,1
pzu,pzu,1
pzu,pzu,1
pzu,pzu,1
pzu,pzu,1
pzu,pzu,-1
pzu,pzu,1
pzu,pzu,-1
pzu,pzu,1
pzu,pzu,-1
pzu,pzu,-1
pzu,pzu,-1
pzu,pzu,1
pzu,pzu,-1
pzu,pzu,-1
pzu,pzu,-1
pzu,pzu,-1
pzu,pzu,1
pzu,pzu,-1
pzu,pzu,1
pzu,pzu,1
pzu,pzu,-1
pzu,pzu,-1
pzu,pzu,-1
pzu,pzu,-1
pzu,pzu,1
pzu,pzu,-1
pzu,pzu,1
pzu,pzu,1
pzu,pzu,1
pzu,pzu,-1
pzu,pzu,1
pzu,pzu,-1
pzu,pzu,-1
pzu,pzu,1
pzu,pzu,1
pzu,pzu,-1
pzu,pzu,1
pzu,pzu,-1
pzu,pzu,-1
pzu,pzu,1
pzu,pzu,-1
pzu,pzu,-1
pzu,pzu,1
pzu,pzu,1
pzu,pzu,1
pzu,pzu,1
pzu,pzu,-1
pzu,pzu,-1
pzu,pzu,1
pzu,pzu,1
pzu,pzu,-1
pzu,pzu,1
pzu,pzu,1
pzu,pzu,1
pzu,pzu,-1
pzu,pzu,1
pzu,pzu,-1
pzu,pzu,-1
pzu,pzu,1
pzu,pzu,-1
pzu,pzu,1
pzu,pzu,-1
pzu,pzu,1
pzu,pzu,1
pzu,pzu,1
pzu,pzu,1
pzu,pzu,1
pzu,pzu,-1
pzu,pzu,-1
pzu,pzu,-1
pzu,pzu,1
pzu,pzu,1
pzu,pzu,-1
pzu,pzu,1
pzu,pzu,1
pzu,pzu,-1
pzu,pzu,-1
pzu,pzu,1
pzu,pzu,1
pzu,pzu,1
pzu,pzu,1
pzu,pzu,1
pzu,pzu,-1
pzu,pzu,-1
pzu,pzu,-1
pzu,pzu,1
pzu,pzu,-1
pzu,pzu,1
pzu,pzu,-1
pzu,pzu,-1
pzu,pzu,1
pzu,pzu,1
pzu,pzu,-1
pzu,pzu,1
pzu,pzu,1
pzu,pzu,1
pzu,pzu,1
pzu,pzu,1
pzu,pzu,1
pzu,pzu,-1
pzu,pzu,1
pzu,pzu,1
pzu,pzu,1
pzu,pzu,-1
santander,spl,1
santander,spl,-1
santander,spl,1
santander,spl,-1
santander,spl,1
santander,spl,0
santander,spl,1
santander,spl,1
santander,spl,1
santander,spl,1
santander,spl,1
santander,spl,-1
santander,spl,-1
santander,spl,1
santander,spl,1
santander,spl,1
santander,spl,1
santander,spl,-1
santander,spl,-1
santander,spl,-1
santander,spl,1
santander,spl,1
santander,spl,-1
santander,spl,-1
santander,spl,-1
santander,spl,1
santander,spl,1
santander,spl,1
santander,spl,-1
santander,spl,1
santander,spl,1
santander,spl,1
santander,spl,1
santander,spl,1
santander,spl,1
santander,spl,1
santander,spl,-1
santander,spl,1
santander,spl,-1
santander,spl,1
santander,spl,1
santander,spl,-1
santander,spl,-1
santander,spl,-1
santander,spl,-1
santander,spl,-1
santander,spl,1
santander,spl,1
santander,spl,1
santander,spl,-1
santander,spl,-1
santander,spl,-1
santander,spl,-1
santander,spl,-1
santander,spl,-1
santander,spl,1
santander,spl,-1
santander,spl,-1
santander,spl,1
santander,spl,-1
santander,spl,-1
santander,spl,1
santander,spl,-1
santander,spl,1
santander,spl,1
santander,spl,1
santander,spl,1
santander,spl,-1
santander,spl,1
santander,spl,-1
santander,spl,1
santander,spl,1
santander,spl,1
santander,spl,1
santander,spl,-1
santander,spl,1
santander,spl,1
santander,spl,1
santander,spl,-1
santander,spl,-1
santander,spl,1
santander,spl,1
santander,spl,1
santander,spl,-1
santander,spl,-1
santander,spl,1
santander,spl,1
santander,spl,1
santander,spl,1
santander,spl,-1
santander,spl,-1
santander,spl,-1
santander,spl,1
santander,spl,-1
santander,spl,1
santander,spl,-1
santander,spl,1
santander,spl,1
santander,spl,1
santander,spl,-1
santander,spl,1
santander,spl,1
santander,spl,1
santander,spl,1
santander,spl,1
santander,spl,-1
santander,spl,1
santander,spl,1
santander,spl,-1
santander,spl,-1
santander,spl,1
santander,spl,-1
santander,spl,-1
santander,spl,1
santander,spl,1
santander,spl,-1
santander,spl,1
santander,spl,1
santander,spl,-1
santander,spl,1
santander,spl,1
santander,spl,1
santander,spl,-1
santander,spl,-1
santander,spl,1
santander,spl,1
santander,spl,1
santander,spl,-1
santander,spl,-1
santander,spl,-1
santander,spl,-1
santander,spl,1
santander,spl,-1
santander,spl,-1
santander,spl,1
santander,spl,1
santander,spl,1
santander,spl,-1
santander,spl,-1
santander,spl,1
santander,spl,1
santander,spl,-1
santander,spl,-1
santander,spl,1
santander,spl,1
santander,spl,-1
santander,spl,-1
santander,spl,-1
santander,spl,1
santander,spl,1
santander,spl,1
santander,spl,-1
santander,spl,1
santander,spl,-1
santander,spl,1
santander,spl,-1
santander,spl,1
santander,spl,1
santander,spl,1
santander,spl,1
santander,spl,-1
santander,spl,-1
santander,spl,1
santander,spl,-1
santander,spl,1
santander,spl,-1
santander,spl,-1
santander,spl,-1
santander,spl,-1
santander,spl,1
santander,spl,1
santander,spl,1
santander,spl,-1
santander,spl,1
santander,spl,1
santander,spl,-1
santander,spl,-1
santander,spl,1
santander,spl,-1
santander,spl,-1
santander,spl,1
santander,spl,-1
santander,spl,-1
santander,spl,1
santander,spl,-1
santander,spl,-1
santander,spl,1
santander,spl,-1
santander,spl,1
santander,spl,-1
santander,spl,-1
santander,spl,1
santander,spl,-1
santander,spl,1
santander,spl,-1
santander,spl,1
santander,spl,-1
santander,spl,1
santander,spl,1
santander,spl,1
santander,spl,1
santander,spl,1
santander,spl,-1
santander,spl,1
santander,spl,1
santander,spl,1
santander,spl,1
santander,spl,1
santander,spl,-1
santander,spl,1
santander,spl,-1
santander,spl,1
santander,spl,1
santander,spl,1
santander,spl,1
santander,spl,1
santander,spl,1
santander,spl,1
santander,spl,1
santander,spl,1
santander,spl,-1
santander,spl,-1
santander,spl,1
santander,spl,-1
santander,spl,-1
santander,spl,1
santander,spl,-1
santander,spl,-1
santander,spl,1
santander,spl,1
santander,spl,-1
santander,spl,-1
santander,spl,1
santander,spl,1
santander,spl,1
santander,spl,0
santander,spl,1
santander,spl,1
santander,spl,-1
santander,spl,-1
santander,spl,1
santander,spl,-1
santander,spl,-1
santander,spl,-1
santander,spl,1
santander,spl,1
santander,spl,1
santander,spl,1
santander,spl,1
santander,spl,-1
santander,spl,1
santander,spl,-1
santander,spl,1
santander,spl,1
santander,spl,1
santander,spl,1
santander,spl,1
santander,spl,1
santander,spl,-1
santander,spl,1
santander,spl,1
santander,spl,1
santander,spl,-1
santander,spl,-1
santander,spl,-1
santander,spl,-1
santander,spl,-1
santander,spl,-1
santander,spl,1
santander,spl,1
santander,spl,-1
santander,spl,-1
santander,spl,1
santander,spl,1
santander,spl,-1
santander,spl,-1
santander,spl,1
santander,spl,1
santander,spl,-1
santander,spl,-1
santander,spl,-1
santander,spl,-1
santander,spl,1
santander,spl,1
santander,spl,-1
santander,spl,-1
santander,spl,1
santander,spl,-1
santander,spl,1
santander,spl,1
santander,spl,1
santander,spl,1
santander,spl,1
santander,spl,1
santander,spl,-1
santander,spl,-1
santander,spl,-1
santander,spl,-1
santander,spl,1
santander,spl,1
santander,spl,1
santander,spl,1
santander,spl,1
santander,spl,1
santander,spl,1
santander,spl,1
santander,spl,1
santander,spl,-1
santander,spl,-1
santander,spl,1
santander,spl,-1
santander,spl,1
santander,spl,1
santander,spl,1
santander,spl,-1
santander,spl,1
santander,spl,1
santander,spl,-1
santander,spl,-1
santander,spl,1
santander,spl,1
santander,spl,1
santander,spl,1
santander,spl,-1
santander,spl,-1
santander,spl,-1
santander,spl,1
santander,spl,-1
santander,spl,-1
santander,spl,-1
santander,spl,1
santander,spl,1
santander,spl,1
santander,spl,1
santander,spl,1
santander,spl,1
santander,spl,-1
santander,spl,1
santander,spl,-1
santander,spl,1
santander,spl,1
santander,spl,1
santander,spl,1
santander,spl,-1
santander,spl,1
santander,spl,1
santander,spl,1
santander,spl,-1
santander,spl,-1
santander,spl,-1
santander,spl,-1
santander,spl,1
santander,spl,1
santander,spl,1
santander,spl,-1
santander,spl,-1
santander,spl,-1
santander,spl,-1
santander,spl,1
santander,spl,-1
santander,spl,1
santander,spl,-1
santander,spl,-1
santander,spl,1
santander,spl,1
santander,spl,1
santander,spl,1
santander,spl,1
santander,spl,1
santander,spl,-1
santander,spl,1
santander,spl,-1
santander,spl,1
santander,spl,1
santander,spl,1
santander,spl,-1
santander,spl,-1
santander,spl,1
santander,spl,1
santander,spl,1
santander,spl,1
santander,spl,1
santander,spl,-1
santander,spl,-1
santander,spl,-1
santander,spl,1
santander,spl,1
santander,spl,-1
santander,spl,1
santander,spl,1
santander,spl,-1
santander,spl,1
santander,spl,1
santander,spl,1
santander,spl,-1
santander,spl,1
santander,spl,1
santander,spl,-1
santander,spl,-1
santander,spl,1
santander,spl,1
santander,spl,-1
santander,spl,1
santander,spl,-1
santander,spl,-1
santander,spl,1
santander,spl,-1
santander,spl,-1
santander,spl,1
santander,spl,-1
santander,spl,1
santander,spl,-1
santander,spl,-1
santander,spl,1
santander,spl,-1
santander,spl,-1
santander,spl,1
santander,spl,1
santander,spl,1
